<annotation>
	<folder>my_part</folder>
	<filename>201208020_LIMI_009348.jpg</filename>
	<path>/home/ahmad/hackthon/hackatum/data/my_part/201208020_LIMI_009348.jpg</path>
	<source>
		<database>Unknown</database>
	</source>
	<size>
		<width>2040</width>
		<height>1536</height>
		<depth>1</depth>
	</size>
	<segmented>0</segmented>
	<object>
		<name>crack</name>
		<pose>Unspecified</pose>
		<truncated>0</truncated>
		<difficult>0</difficult>
		<bndbox>
			<xmin>668</xmin>
			<ymin>766</ymin>
			<xmax>1287</xmax>
			<ymax>1051</ymax>
		</bndbox>
	</object>
</annotation>
