<annotation>
	<folder>moeed</folder>
	<filename>201204031_LIMI_003918.jpg</filename>
	<path>D:\Box\Programs\PycharmProjects\data\allianz-damage-predict-and-prevent-challenge-data\moeed\201204031_LIMI_003918.jpg</path>
	<source>
		<database>Unknown</database>
	</source>
	<size>
		<width>2040</width>
		<height>1536</height>
		<depth>3</depth>
	</size>
	<segmented>0</segmented>
	<object>
		<name>crack</name>
		<pose>Unspecified</pose>
		<truncated>0</truncated>
		<difficult>0</difficult>
		<bndbox>
			<xmin>86</xmin>
			<ymin>96</ymin>
			<xmax>2007</xmax>
			<ymax>1504</ymax>
		</bndbox>
	</object>
</annotation>
