<annotation>
	<folder>moeed</folder>
	<filename>201206036_LIMI_003302.jpg</filename>
	<path>D:\Box\Programs\PycharmProjects\data\allianz-damage-predict-and-prevent-challenge-data\moeed\201206036_LIMI_003302.jpg</path>
	<source>
		<database>Unknown</database>
	</source>
	<size>
		<width>2040</width>
		<height>1536</height>
		<depth>1</depth>
	</size>
	<segmented>0</segmented>
	<object>
		<name>crack</name>
		<pose>Unspecified</pose>
		<truncated>0</truncated>
		<difficult>0</difficult>
		<bndbox>
			<xmin>90</xmin>
			<ymin>301</ymin>
			<xmax>204</xmax>
			<ymax>458</ymax>
		</bndbox>
	</object>
	<object>
		<name>crack</name>
		<pose>Unspecified</pose>
		<truncated>0</truncated>
		<difficult>0</difficult>
		<bndbox>
			<xmin>866</xmin>
			<ymin>284</ymin>
			<xmax>962</xmax>
			<ymax>434</ymax>
		</bndbox>
	</object>
	<object>
		<name>crack</name>
		<pose>Unspecified</pose>
		<truncated>0</truncated>
		<difficult>0</difficult>
		<bndbox>
			<xmin>1830</xmin>
			<ymin>316</ymin>
			<xmax>1912</xmax>
			<ymax>469</ymax>
		</bndbox>
	</object>
</annotation>
