<annotation>
	<folder>my_part</folder>
	<filename>201212012_LIMI_008654.jpg</filename>
	<path>/home/ahmad/hackthon/hackatum/data/my_part/201212012_LIMI_008654.jpg</path>
	<source>
		<database>Unknown</database>
	</source>
	<size>
		<width>2040</width>
		<height>1536</height>
		<depth>1</depth>
	</size>
	<segmented>0</segmented>
	<object>
		<name>crack</name>
		<pose>Unspecified</pose>
		<truncated>0</truncated>
		<difficult>0</difficult>
		<bndbox>
			<xmin>1011</xmin>
			<ymin>435</ymin>
			<xmax>1138</xmax>
			<ymax>530</ymax>
		</bndbox>
	</object>
	<object>
		<name>crack</name>
		<pose>Unspecified</pose>
		<truncated>0</truncated>
		<difficult>0</difficult>
		<bndbox>
			<xmin>1716</xmin>
			<ymin>288</ymin>
			<xmax>1929</xmax>
			<ymax>413</ymax>
		</bndbox>
	</object>
</annotation>
