<annotation>
	<folder>moeed</folder>
	<filename>201202006_LIMI_000731.jpg</filename>
	<path>D:\Box\Programs\PycharmProjects\data\allianz-damage-predict-and-prevent-challenge-data\moeed\201202006_LIMI_000731.jpg</path>
	<source>
		<database>Unknown</database>
	</source>
	<size>
		<width>2994</width>
		<height>2320</height>
		<depth>1</depth>
	</size>
	<segmented>0</segmented>
	<object>
		<name>crack</name>
		<pose>Unspecified</pose>
		<truncated>0</truncated>
		<difficult>0</difficult>
		<bndbox>
			<xmin>245</xmin>
			<ymin>1117</ymin>
			<xmax>1786</xmax>
			<ymax>2194</ymax>
		</bndbox>
	</object>
</annotation>
