<annotation>
	<folder>my_part</folder>
	<filename>201209023_LIMI_006246.jpg</filename>
	<path>/home/ahmad/hackthon/hackatum/data/my_part/201209023_LIMI_006246.jpg</path>
	<source>
		<database>Unknown</database>
	</source>
	<size>
		<width>2040</width>
		<height>1536</height>
		<depth>1</depth>
	</size>
	<segmented>0</segmented>
	<object>
		<name>crack</name>
		<pose>Unspecified</pose>
		<truncated>0</truncated>
		<difficult>0</difficult>
		<bndbox>
			<xmin>1371</xmin>
			<ymin>554</ymin>
			<xmax>1448</xmax>
			<ymax>1260</ymax>
		</bndbox>
	</object>
	<object>
		<name>crack</name>
		<pose>Unspecified</pose>
		<truncated>1</truncated>
		<difficult>0</difficult>
		<bndbox>
			<xmin>402</xmin>
			<ymin>1</ymin>
			<xmax>446</xmax>
			<ymax>172</ymax>
		</bndbox>
	</object>
</annotation>
