<annotation>
	<folder>my_part</folder>
	<filename>201210005_LIMI_007424.jpg</filename>
	<path>/home/ahmad/hackthon/hackatum/data/my_part/201210005_LIMI_007424.jpg</path>
	<source>
		<database>Unknown</database>
	</source>
	<size>
		<width>2040</width>
		<height>1536</height>
		<depth>1</depth>
	</size>
	<segmented>0</segmented>
	<object>
		<name>crack</name>
		<pose>Unspecified</pose>
		<truncated>0</truncated>
		<difficult>0</difficult>
		<bndbox>
			<xmin>131</xmin>
			<ymin>942</ymin>
			<xmax>423</xmax>
			<ymax>1114</ymax>
		</bndbox>
	</object>
	<object>
		<name>crack</name>
		<pose>Unspecified</pose>
		<truncated>0</truncated>
		<difficult>0</difficult>
		<bndbox>
			<xmin>574</xmin>
			<ymin>847</ymin>
			<xmax>1102</xmax>
			<ymax>966</ymax>
		</bndbox>
	</object>
</annotation>
