<annotation>
	<folder>moeed</folder>
	<filename>201201004_LIMI_000887.jpg</filename>
	<path>D:\Box\Programs\PycharmProjects\data\allianz-damage-predict-and-prevent-challenge-data\moeed\201201004_LIMI_000887.jpg</path>
	<source>
		<database>Unknown</database>
	</source>
	<size>
		<width>2994</width>
		<height>2320</height>
		<depth>1</depth>
	</size>
	<segmented>0</segmented>
	<object>
		<name>crack</name>
		<pose>Unspecified</pose>
		<truncated>0</truncated>
		<difficult>0</difficult>
		<bndbox>
			<xmin>2114</xmin>
			<ymin>624</ymin>
			<xmax>2586</xmax>
			<ymax>1527</ymax>
		</bndbox>
	</object>
	<object>
		<name>crack</name>
		<pose>Unspecified</pose>
		<truncated>0</truncated>
		<difficult>0</difficult>
		<bndbox>
			<xmin>1070</xmin>
			<ymin>627</ymin>
			<xmax>1584</xmax>
			<ymax>1045</ymax>
		</bndbox>
	</object>
	<object>
		<name>crack</name>
		<pose>Unspecified</pose>
		<truncated>0</truncated>
		<difficult>0</difficult>
		<bndbox>
			<xmin>540</xmin>
			<ymin>622</ymin>
			<xmax>865</xmax>
			<ymax>1003</ymax>
		</bndbox>
	</object>
</annotation>
