<annotation>
	<folder>my_part</folder>
	<filename>201212005_LIMI_008416.jpg</filename>
	<path>/home/ahmad/hackthon/hackatum/data/my_part/201212005_LIMI_008416.jpg</path>
	<source>
		<database>Unknown</database>
	</source>
	<size>
		<width>2040</width>
		<height>1536</height>
		<depth>1</depth>
	</size>
	<segmented>0</segmented>
	<object>
		<name>crack</name>
		<pose>Unspecified</pose>
		<truncated>0</truncated>
		<difficult>0</difficult>
		<bndbox>
			<xmin>1260</xmin>
			<ymin>473</ymin>
			<xmax>1374</xmax>
			<ymax>610</ymax>
		</bndbox>
	</object>
	<object>
		<name>crack</name>
		<pose>Unspecified</pose>
		<truncated>0</truncated>
		<difficult>0</difficult>
		<bndbox>
			<xmin>298</xmin>
			<ymin>342</ymin>
			<xmax>365</xmax>
			<ymax>482</ymax>
		</bndbox>
	</object>
</annotation>
