<annotation>
	<folder>my_part</folder>
	<filename>201212012_LIMI_008653.jpg</filename>
	<path>/home/ahmad/hackthon/hackatum/data/my_part/201212012_LIMI_008653.jpg</path>
	<source>
		<database>Unknown</database>
	</source>
	<size>
		<width>2040</width>
		<height>1536</height>
		<depth>1</depth>
	</size>
	<segmented>0</segmented>
	<object>
		<name>crack</name>
		<pose>Unspecified</pose>
		<truncated>0</truncated>
		<difficult>0</difficult>
		<bndbox>
			<xmin>364</xmin>
			<ymin>457</ymin>
			<xmax>466</xmax>
			<ymax>639</ymax>
		</bndbox>
	</object>
	<object>
		<name>crack</name>
		<pose>Unspecified</pose>
		<truncated>0</truncated>
		<difficult>0</difficult>
		<bndbox>
			<xmin>1678</xmin>
			<ymin>328</ymin>
			<xmax>1798</xmax>
			<ymax>454</ymax>
		</bndbox>
	</object>
	<object>
		<name>crack</name>
		<pose>Unspecified</pose>
		<truncated>0</truncated>
		<difficult>0</difficult>
		<bndbox>
			<xmin>883</xmin>
			<ymin>388</ymin>
			<xmax>975</xmax>
			<ymax>535</ymax>
		</bndbox>
	</object>
</annotation>
