<annotation>
	<folder>my_part</folder>
	<filename>201209023_LIMI_006341.jpg</filename>
	<path>/home/ahmad/hackthon/hackatum/data/my_part/201209023_LIMI_006341.jpg</path>
	<source>
		<database>Unknown</database>
	</source>
	<size>
		<width>2040</width>
		<height>1536</height>
		<depth>1</depth>
	</size>
	<segmented>0</segmented>
	<object>
		<name>crack</name>
		<pose>Unspecified</pose>
		<truncated>0</truncated>
		<difficult>0</difficult>
		<bndbox>
			<xmin>403</xmin>
			<ymin>650</ymin>
			<xmax>604</xmax>
			<ymax>737</ymax>
		</bndbox>
	</object>
	<object>
		<name>crack</name>
		<pose>Unspecified</pose>
		<truncated>0</truncated>
		<difficult>0</difficult>
		<bndbox>
			<xmin>334</xmin>
			<ymin>854</ymin>
			<xmax>519</xmax>
			<ymax>936</ymax>
		</bndbox>
	</object>
	<object>
		<name>crack</name>
		<pose>Unspecified</pose>
		<truncated>0</truncated>
		<difficult>0</difficult>
		<bndbox>
			<xmin>226</xmin>
			<ymin>1130</ymin>
			<xmax>414</xmax>
			<ymax>1222</ymax>
		</bndbox>
	</object>
</annotation>
