<annotation>
	<folder>my_part</folder>
	<filename>201210005_LIMI_007427.jpg</filename>
	<path>/home/ahmad/hackthon/hackatum/data/my_part/201210005_LIMI_007427.jpg</path>
	<source>
		<database>Unknown</database>
	</source>
	<size>
		<width>2040</width>
		<height>1536</height>
		<depth>1</depth>
	</size>
	<segmented>0</segmented>
	<object>
		<name>crack</name>
		<pose>Unspecified</pose>
		<truncated>0</truncated>
		<difficult>0</difficult>
		<bndbox>
			<xmin>1522</xmin>
			<ymin>288</ymin>
			<xmax>1734</xmax>
			<ymax>554</ymax>
		</bndbox>
	</object>
	<object>
		<name>crack</name>
		<pose>Unspecified</pose>
		<truncated>0</truncated>
		<difficult>0</difficult>
		<bndbox>
			<xmin>639</xmin>
			<ymin>973</ymin>
			<xmax>1251</xmax>
			<ymax>1357</ymax>
		</bndbox>
	</object>
	<object>
		<name>crack</name>
		<pose>Unspecified</pose>
		<truncated>0</truncated>
		<difficult>0</difficult>
		<bndbox>
			<xmin>1179</xmin>
			<ymin>78</ymin>
			<xmax>1340</xmax>
			<ymax>167</ymax>
		</bndbox>
	</object>
</annotation>
