<annotation>
	<folder>moeed</folder>
	<filename>201201004_LIMI_000892.jpg</filename>
	<path>D:\Box\Programs\PycharmProjects\data\allianz-damage-predict-and-prevent-challenge-data\moeed\201201004_LIMI_000892.jpg</path>
	<source>
		<database>Unknown</database>
	</source>
	<size>
		<width>2994</width>
		<height>2320</height>
		<depth>1</depth>
	</size>
	<segmented>0</segmented>
	<object>
		<name>crack</name>
		<pose>Unspecified</pose>
		<truncated>0</truncated>
		<difficult>0</difficult>
		<bndbox>
			<xmin>345</xmin>
			<ymin>527</ymin>
			<xmax>2989</xmax>
			<ymax>1750</ymax>
		</bndbox>
	</object>
</annotation>
