<annotation>
	<folder>moeed</folder>
	<filename>201201004_LIMI_000923.jpg</filename>
	<path>D:\Box\Programs\PycharmProjects\data\allianz-damage-predict-and-prevent-challenge-data\moeed\201201004_LIMI_000923.jpg</path>
	<source>
		<database>Unknown</database>
	</source>
	<size>
		<width>2994</width>
		<height>2320</height>
		<depth>1</depth>
	</size>
	<segmented>0</segmented>
	<object>
		<name>crack</name>
		<pose>Unspecified</pose>
		<truncated>0</truncated>
		<difficult>0</difficult>
		<bndbox>
			<xmin>2093</xmin>
			<ymin>761</ymin>
			<xmax>2912</xmax>
			<ymax>947</ymax>
		</bndbox>
	</object>
	<object>
		<name>crack</name>
		<pose>Unspecified</pose>
		<truncated>0</truncated>
		<difficult>0</difficult>
		<bndbox>
			<xmin>51</xmin>
			<ymin>731</ymin>
			<xmax>514</xmax>
			<ymax>903</ymax>
		</bndbox>
	</object>
	<object>
		<name>crack</name>
		<pose>Unspecified</pose>
		<truncated>0</truncated>
		<difficult>0</difficult>
		<bndbox>
			<xmin>733</xmin>
			<ymin>720</ymin>
			<xmax>1396</xmax>
			<ymax>857</ymax>
		</bndbox>
	</object>
</annotation>
