<annotation>
	<folder>moeed</folder>
	<filename>201206036_LIMI_003487.jpg</filename>
	<path>D:\Box\Programs\PycharmProjects\data\allianz-damage-predict-and-prevent-challenge-data\moeed\201206036_LIMI_003487.jpg</path>
	<source>
		<database>Unknown</database>
	</source>
	<size>
		<width>2040</width>
		<height>1536</height>
		<depth>1</depth>
	</size>
	<segmented>0</segmented>
	<object>
		<name>crack</name>
		<pose>Unspecified</pose>
		<truncated>0</truncated>
		<difficult>0</difficult>
		<bndbox>
			<xmin>1109</xmin>
			<ymin>613</ymin>
			<xmax>1437</xmax>
			<ymax>1205</ymax>
		</bndbox>
	</object>
	<object>
		<name>crack</name>
		<pose>Unspecified</pose>
		<truncated>0</truncated>
		<difficult>0</difficult>
		<bndbox>
			<xmin>1550</xmin>
			<ymin>240</ymin>
			<xmax>1918</xmax>
			<ymax>913</ymax>
		</bndbox>
	</object>
</annotation>
