<annotation>
	<folder>my_part</folder>
	<filename>201208020_LIMI_009353.jpg</filename>
	<path>/home/ahmad/hackthon/hackatum/data/my_part/201208020_LIMI_009353.jpg</path>
	<source>
		<database>Unknown</database>
	</source>
	<size>
		<width>2040</width>
		<height>1536</height>
		<depth>1</depth>
	</size>
	<segmented>0</segmented>
	<object>
		<name>crack</name>
		<pose>Unspecified</pose>
		<truncated>0</truncated>
		<difficult>0</difficult>
		<bndbox>
			<xmin>198</xmin>
			<ymin>570</ymin>
			<xmax>474</xmax>
			<ymax>629</ymax>
		</bndbox>
	</object>
	<object>
		<name>crack</name>
		<pose>Unspecified</pose>
		<truncated>0</truncated>
		<difficult>0</difficult>
		<bndbox>
			<xmin>211</xmin>
			<ymin>739</ymin>
			<xmax>324</xmax>
			<ymax>795</ymax>
		</bndbox>
	</object>
	<object>
		<name>crack</name>
		<pose>Unspecified</pose>
		<truncated>0</truncated>
		<difficult>0</difficult>
		<bndbox>
			<xmin>204</xmin>
			<ymin>1259</ymin>
			<xmax>276</xmax>
			<ymax>1287</ymax>
		</bndbox>
	</object>
</annotation>
