<annotation>
	<folder>moeed</folder>
	<filename>201201004_LIMI_000934.jpg</filename>
	<path>D:\Box\Programs\PycharmProjects\data\allianz-damage-predict-and-prevent-challenge-data\moeed\201201004_LIMI_000934.jpg</path>
	<source>
		<database>Unknown</database>
	</source>
	<size>
		<width>2994</width>
		<height>2320</height>
		<depth>3</depth>
	</size>
	<segmented>0</segmented>
	<object>
		<name>crack</name>
		<pose>Unspecified</pose>
		<truncated>0</truncated>
		<difficult>0</difficult>
		<bndbox>
			<xmin>524</xmin>
			<ymin>733</ymin>
			<xmax>2672</xmax>
			<ymax>1361</ymax>
		</bndbox>
	</object>
</annotation>
