<annotation>
	<folder>Examples cracks</folder>
	<filename>201201004_LIMI_000874.jpg</filename>
	<path>/home/alex/git/hackatum-allianz/data/allianz-data-bbox/Examples cracks/201201004_LIMI_000874.jpg</path>
	<source>
		<database>Unknown</database>
	</source>
	<size>
		<width>2994</width>
		<height>2320</height>
		<depth>1</depth>
	</size>
	<segmented>0</segmented>
	<object>
		<name>crack</name>
		<pose>Unspecified</pose>
		<truncated>0</truncated>
		<difficult>0</difficult>
		<bndbox>
			<xmin>14</xmin>
			<ymin>724</ymin>
			<xmax>233</xmax>
			<ymax>792</ymax>
		</bndbox>
	</object>
</annotation>
