<annotation>
	<folder>moeed</folder>
	<filename>201201004_LIMI_000883.jpg</filename>
	<path>D:\Box\Programs\PycharmProjects\data\allianz-damage-predict-and-prevent-challenge-data\moeed\201201004_LIMI_000883.jpg</path>
	<source>
		<database>Unknown</database>
	</source>
	<size>
		<width>2994</width>
		<height>2320</height>
		<depth>1</depth>
	</size>
	<segmented>0</segmented>
	<object>
		<name>crack</name>
		<pose>Unspecified</pose>
		<truncated>0</truncated>
		<difficult>0</difficult>
		<bndbox>
			<xmin>733</xmin>
			<ymin>547</ymin>
			<xmax>2021</xmax>
			<ymax>920</ymax>
		</bndbox>
	</object>
	<object>
		<name>crack</name>
		<pose>Unspecified</pose>
		<truncated>0</truncated>
		<difficult>0</difficult>
		<bndbox>
			<xmin>149</xmin>
			<ymin>545</ymin>
			<xmax>412</xmax>
			<ymax>787</ymax>
		</bndbox>
	</object>
</annotation>
