<annotation>
	<folder>moeed</folder>
	<filename>201207015_LIMI_006397.jpg</filename>
	<path>D:\Box\Programs\PycharmProjects\data\allianz-damage-predict-and-prevent-challenge-data\moeed\201207015_LIMI_006397.jpg</path>
	<source>
		<database>Unknown</database>
	</source>
	<size>
		<width>2040</width>
		<height>1536</height>
		<depth>1</depth>
	</size>
	<segmented>0</segmented>
	<object>
		<name>crack</name>
		<pose>Unspecified</pose>
		<truncated>0</truncated>
		<difficult>0</difficult>
		<bndbox>
			<xmin>59</xmin>
			<ymin>307</ymin>
			<xmax>1542</xmax>
			<ymax>896</ymax>
		</bndbox>
	</object>
</annotation>
