<annotation>
	<folder>my_part</folder>
	<filename>201307014_LIMI_003944.jpg</filename>
	<path>/home/ahmad/hackthon/hackatum/data/my_part/201307014_LIMI_003944.jpg</path>
	<source>
		<database>Unknown</database>
	</source>
	<size>
		<width>2040</width>
		<height>1536</height>
		<depth>1</depth>
	</size>
	<segmented>0</segmented>
	<object>
		<name>crack</name>
		<pose>Unspecified</pose>
		<truncated>0</truncated>
		<difficult>0</difficult>
		<bndbox>
			<xmin>488</xmin>
			<ymin>182</ymin>
			<xmax>902</xmax>
			<ymax>756</ymax>
		</bndbox>
	</object>
	<object>
		<name>crack</name>
		<pose>Unspecified</pose>
		<truncated>0</truncated>
		<difficult>0</difficult>
		<bndbox>
			<xmin>945</xmin>
			<ymin>795</ymin>
			<xmax>1191</xmax>
			<ymax>1116</ymax>
		</bndbox>
	</object>
</annotation>
