<annotation>
	<folder>my_part</folder>
	<filename>201301038_LIMI_000444.jpg</filename>
	<path>/home/ahmad/hackthon/hackatum/data/my_part/201301038_LIMI_000444.jpg</path>
	<source>
		<database>Unknown</database>
	</source>
	<size>
		<width>2040</width>
		<height>1536</height>
		<depth>1</depth>
	</size>
	<segmented>0</segmented>
	<object>
		<name>crack</name>
		<pose>Unspecified</pose>
		<truncated>0</truncated>
		<difficult>0</difficult>
		<bndbox>
			<xmin>130</xmin>
			<ymin>599</ymin>
			<xmax>1767</xmax>
			<ymax>1344</ymax>
		</bndbox>
	</object>
	<object>
		<name>crack</name>
		<pose>Unspecified</pose>
		<truncated>0</truncated>
		<difficult>0</difficult>
		<bndbox>
			<xmin>1080</xmin>
			<ymin>104</ymin>
			<xmax>1931</xmax>
			<ymax>677</ymax>
		</bndbox>
	</object>
</annotation>
