<annotation>
	<folder>my_part</folder>
	<filename>201307014_LIMI_003930.jpg</filename>
	<path>/home/ahmad/hackthon/hackatum/data/my_part/201307014_LIMI_003930.jpg</path>
	<source>
		<database>Unknown</database>
	</source>
	<size>
		<width>2040</width>
		<height>1536</height>
		<depth>1</depth>
	</size>
	<segmented>0</segmented>
	<object>
		<name>crack</name>
		<pose>Unspecified</pose>
		<truncated>0</truncated>
		<difficult>0</difficult>
		<bndbox>
			<xmin>604</xmin>
			<ymin>320</ymin>
			<xmax>774</xmax>
			<ymax>727</ymax>
		</bndbox>
	</object>
	<object>
		<name>crack</name>
		<pose>Unspecified</pose>
		<truncated>0</truncated>
		<difficult>0</difficult>
		<bndbox>
			<xmin>611</xmin>
			<ymin>860</ymin>
			<xmax>997</xmax>
			<ymax>1281</ymax>
		</bndbox>
	</object>
</annotation>
