<annotation>
	<folder>my_part</folder>
	<filename>201307001_LIMI_003495.jpg</filename>
	<path>/home/ahmad/hackthon/hackatum/data/my_part/201307001_LIMI_003495.jpg</path>
	<source>
		<database>Unknown</database>
	</source>
	<size>
		<width>2040</width>
		<height>1536</height>
		<depth>1</depth>
	</size>
	<segmented>0</segmented>
	<object>
		<name>crack</name>
		<pose>Unspecified</pose>
		<truncated>0</truncated>
		<difficult>0</difficult>
		<bndbox>
			<xmin>801</xmin>
			<ymin>73</ymin>
			<xmax>1303</xmax>
			<ymax>1118</ymax>
		</bndbox>
	</object>
</annotation>
