<annotation>
	<folder>my_part</folder>
	<filename>201307001_LIMI_003509.jpg</filename>
	<path>/home/ahmad/hackthon/hackatum/data/my_part/201307001_LIMI_003509.jpg</path>
	<source>
		<database>Unknown</database>
	</source>
	<size>
		<width>2040</width>
		<height>1536</height>
		<depth>1</depth>
	</size>
	<segmented>0</segmented>
	<object>
		<name>crack</name>
		<pose>Unspecified</pose>
		<truncated>0</truncated>
		<difficult>0</difficult>
		<bndbox>
			<xmin>1422</xmin>
			<ymin>1175</ymin>
			<xmax>1696</xmax>
			<ymax>1516</ymax>
		</bndbox>
	</object>
	<object>
		<name>crack</name>
		<pose>Unspecified</pose>
		<truncated>0</truncated>
		<difficult>0</difficult>
		<bndbox>
			<xmin>45</xmin>
			<ymin>121</ymin>
			<xmax>890</xmax>
			<ymax>1493</ymax>
		</bndbox>
	</object>
</annotation>
