<annotation>
	<folder>my_part</folder>
	<filename>201301036_LIMI_000712.jpg</filename>
	<path>/home/ahmad/hackthon/hackatum/data/my_part/201301036_LIMI_000712.jpg</path>
	<source>
		<database>Unknown</database>
	</source>
	<size>
		<width>2040</width>
		<height>1536</height>
		<depth>1</depth>
	</size>
	<segmented>0</segmented>
	<object>
		<name>crack</name>
		<pose>Unspecified</pose>
		<truncated>0</truncated>
		<difficult>0</difficult>
		<bndbox>
			<xmin>508</xmin>
			<ymin>596</ymin>
			<xmax>754</xmax>
			<ymax>754</ymax>
		</bndbox>
	</object>
	<object>
		<name>crack</name>
		<pose>Unspecified</pose>
		<truncated>0</truncated>
		<difficult>0</difficult>
		<bndbox>
			<xmin>900</xmin>
			<ymin>350</ymin>
			<xmax>1083</xmax>
			<ymax>579</ymax>
		</bndbox>
	</object>
	<object>
		<name>crack</name>
		<pose>Unspecified</pose>
		<truncated>0</truncated>
		<difficult>0</difficult>
		<bndbox>
			<xmin>15</xmin>
			<ymin>207</ymin>
			<xmax>608</xmax>
			<ymax>316</ymax>
		</bndbox>
	</object>
</annotation>
