<annotation>
	<folder>my_part</folder>
	<filename>201307014_LIMI_003932.jpg</filename>
	<path>/home/ahmad/hackthon/hackatum/data/my_part/201307014_LIMI_003932.jpg</path>
	<source>
		<database>Unknown</database>
	</source>
	<size>
		<width>2040</width>
		<height>1536</height>
		<depth>1</depth>
	</size>
	<segmented>0</segmented>
	<object>
		<name>crack</name>
		<pose>Unspecified</pose>
		<truncated>0</truncated>
		<difficult>0</difficult>
		<bndbox>
			<xmin>526</xmin>
			<ymin>18</ymin>
			<xmax>1146</xmax>
			<ymax>628</ymax>
		</bndbox>
	</object>
	<object>
		<name>crack</name>
		<pose>Unspecified</pose>
		<truncated>0</truncated>
		<difficult>0</difficult>
		<bndbox>
			<xmin>1126</xmin>
			<ymin>685</ymin>
			<xmax>1484</xmax>
			<ymax>1527</ymax>
		</bndbox>
	</object>
	<object>
		<name>crack</name>
		<pose>Unspecified</pose>
		<truncated>0</truncated>
		<difficult>0</difficult>
		<bndbox>
			<xmin>1482</xmin>
			<ymin>29</ymin>
			<xmax>1798</xmax>
			<ymax>653</ymax>
		</bndbox>
	</object>
</annotation>
