<annotation>
	<folder>my_part</folder>
	<filename>201307014_LIMI_003941.jpg</filename>
	<path>/home/ahmad/hackthon/hackatum/data/my_part/201307014_LIMI_003941.jpg</path>
	<source>
		<database>Unknown</database>
	</source>
	<size>
		<width>2040</width>
		<height>1536</height>
		<depth>1</depth>
	</size>
	<segmented>0</segmented>
	<object>
		<name>crack</name>
		<pose>Unspecified</pose>
		<truncated>0</truncated>
		<difficult>0</difficult>
		<bndbox>
			<xmin>1183</xmin>
			<ymin>616</ymin>
			<xmax>1421</xmax>
			<ymax>1521</ymax>
		</bndbox>
	</object>
	<object>
		<name>crack</name>
		<pose>Unspecified</pose>
		<truncated>0</truncated>
		<difficult>0</difficult>
		<bndbox>
			<xmin>396</xmin>
			<ymin>25</ymin>
			<xmax>984</xmax>
			<ymax>866</ymax>
		</bndbox>
	</object>
</annotation>
