<annotation>
	<folder>my_part</folder>
	<filename>201311001_LIMI_006807.jpg</filename>
	<path>/home/ahmad/hackthon/hackatum/data/my_part/201311001_LIMI_006807.jpg</path>
	<source>
		<database>Unknown</database>
	</source>
	<size>
		<width>2040</width>
		<height>1536</height>
		<depth>1</depth>
	</size>
	<segmented>0</segmented>
	<object>
		<name>crack</name>
		<pose>Unspecified</pose>
		<truncated>0</truncated>
		<difficult>0</difficult>
		<bndbox>
			<xmin>38</xmin>
			<ymin>136</ymin>
			<xmax>882</xmax>
			<ymax>1410</ymax>
		</bndbox>
	</object>
	<object>
		<name>crack</name>
		<pose>Unspecified</pose>
		<truncated>0</truncated>
		<difficult>0</difficult>
		<bndbox>
			<xmin>1303</xmin>
			<ymin>60</ymin>
			<xmax>1864</xmax>
			<ymax>1523</ymax>
		</bndbox>
	</object>
	<object>
		<name>crack</name>
		<pose>Unspecified</pose>
		<truncated>0</truncated>
		<difficult>0</difficult>
		<bndbox>
			<xmin>955</xmin>
			<ymin>193</ymin>
			<xmax>1183</xmax>
			<ymax>1504</ymax>
		</bndbox>
	</object>
</annotation>
