<annotation>
	<folder>my_part</folder>
	<filename>201312002_LIMI_008240.jpg</filename>
	<path>/home/ahmad/hackthon/hackatum/data/my_part/201312002_LIMI_008240.jpg</path>
	<source>
		<database>Unknown</database>
	</source>
	<size>
		<width>2040</width>
		<height>1536</height>
		<depth>1</depth>
	</size>
	<segmented>0</segmented>
	<object>
		<name>crack</name>
		<pose>Unspecified</pose>
		<truncated>0</truncated>
		<difficult>0</difficult>
		<bndbox>
			<xmin>731</xmin>
			<ymin>656</ymin>
			<xmax>1354</xmax>
			<ymax>832</ymax>
		</bndbox>
	</object>
	<object>
		<name>crack</name>
		<pose>Unspecified</pose>
		<truncated>0</truncated>
		<difficult>0</difficult>
		<bndbox>
			<xmin>16</xmin>
			<ymin>524</ymin>
			<xmax>975</xmax>
			<ymax>732</ymax>
		</bndbox>
	</object>
</annotation>
