<annotation>
	<folder>my_part</folder>
	<filename>201311001_LIMI_006806.jpg</filename>
	<path>/home/ahmad/hackthon/hackatum/data/my_part/201311001_LIMI_006806.jpg</path>
	<source>
		<database>Unknown</database>
	</source>
	<size>
		<width>2040</width>
		<height>1536</height>
		<depth>1</depth>
	</size>
	<segmented>0</segmented>
	<object>
		<name>crack</name>
		<pose>Unspecified</pose>
		<truncated>0</truncated>
		<difficult>0</difficult>
		<bndbox>
			<xmin>216</xmin>
			<ymin>617</ymin>
			<xmax>784</xmax>
			<ymax>1508</ymax>
		</bndbox>
	</object>
	<object>
		<name>crack</name>
		<pose>Unspecified</pose>
		<truncated>0</truncated>
		<difficult>0</difficult>
		<bndbox>
			<xmin>959</xmin>
			<ymin>561</ymin>
			<xmax>1367</xmax>
			<ymax>1504</ymax>
		</bndbox>
	</object>
	<object>
		<name>crack</name>
		<pose>Unspecified</pose>
		<truncated>0</truncated>
		<difficult>0</difficult>
		<bndbox>
			<xmin>743</xmin>
			<ymin>672</ymin>
			<xmax>943</xmax>
			<ymax>1516</ymax>
		</bndbox>
	</object>
</annotation>
