<annotation>
	<folder>my_part</folder>
	<filename>201307001_LIMI_003507.jpg</filename>
	<path>/home/ahmad/hackthon/hackatum/data/my_part/201307001_LIMI_003507.jpg</path>
	<source>
		<database>Unknown</database>
	</source>
	<size>
		<width>2040</width>
		<height>1536</height>
		<depth>1</depth>
	</size>
	<segmented>0</segmented>
	<object>
		<name>crack</name>
		<pose>Unspecified</pose>
		<truncated>0</truncated>
		<difficult>0</difficult>
		<bndbox>
			<xmin>525</xmin>
			<ymin>68</ymin>
			<xmax>1282</xmax>
			<ymax>1029</ymax>
		</bndbox>
	</object>
	<object>
		<name>crack</name>
		<pose>Unspecified</pose>
		<truncated>0</truncated>
		<difficult>0</difficult>
		<bndbox>
			<xmin>31</xmin>
			<ymin>214</ymin>
			<xmax>525</xmax>
			<ymax>1131</ymax>
		</bndbox>
	</object>
	<object>
		<name>crack</name>
		<pose>Unspecified</pose>
		<truncated>0</truncated>
		<difficult>0</difficult>
		<bndbox>
			<xmin>1325</xmin>
			<ymin>302</ymin>
			<xmax>1625</xmax>
			<ymax>1271</ymax>
		</bndbox>
	</object>
</annotation>
