<annotation>
	<folder>my_part</folder>
	<filename>201310010_LIMI_006432.jpg</filename>
	<path>/home/ahmad/hackthon/hackatum/data/my_part/201310010_LIMI_006432.jpg</path>
	<source>
		<database>Unknown</database>
	</source>
	<size>
		<width>2040</width>
		<height>1536</height>
		<depth>1</depth>
	</size>
	<segmented>0</segmented>
	<object>
		<name>crack</name>
		<pose>Unspecified</pose>
		<truncated>0</truncated>
		<difficult>0</difficult>
		<bndbox>
			<xmin>194</xmin>
			<ymin>456</ymin>
			<xmax>900</xmax>
			<ymax>634</ymax>
		</bndbox>
	</object>
	<object>
		<name>crack</name>
		<pose>Unspecified</pose>
		<truncated>1</truncated>
		<difficult>0</difficult>
		<bndbox>
			<xmin>1240</xmin>
			<ymin>378</ymin>
			<xmax>2040</xmax>
			<ymax>649</ymax>
		</bndbox>
	</object>
	<object>
		<name>crack</name>
		<pose>Unspecified</pose>
		<truncated>0</truncated>
		<difficult>0</difficult>
		<bndbox>
			<xmin>425</xmin>
			<ymin>270</ymin>
			<xmax>774</xmax>
			<ymax>478</ymax>
		</bndbox>
	</object>
</annotation>
