<annotation>
	<folder>my_part</folder>
	<filename>201311001_LIMI_006739.jpg</filename>
	<path>/home/ahmad/hackthon/hackatum/data/my_part/201311001_LIMI_006739.jpg</path>
	<source>
		<database>Unknown</database>
	</source>
	<size>
		<width>2040</width>
		<height>1536</height>
		<depth>1</depth>
	</size>
	<segmented>0</segmented>
	<object>
		<name>crack</name>
		<pose>Unspecified</pose>
		<truncated>0</truncated>
		<difficult>0</difficult>
		<bndbox>
			<xmin>16</xmin>
			<ymin>65</ymin>
			<xmax>360</xmax>
			<ymax>1375</ymax>
		</bndbox>
	</object>
	<object>
		<name>crack</name>
		<pose>Unspecified</pose>
		<truncated>0</truncated>
		<difficult>0</difficult>
		<bndbox>
			<xmin>1180</xmin>
			<ymin>380</ymin>
			<xmax>1631</xmax>
			<ymax>1336</ymax>
		</bndbox>
	</object>
	<object>
		<name>crack</name>
		<pose>Unspecified</pose>
		<truncated>0</truncated>
		<difficult>0</difficult>
		<bndbox>
			<xmin>443</xmin>
			<ymin>686</ymin>
			<xmax>1053</xmax>
			<ymax>1485</ymax>
		</bndbox>
	</object>
	<object>
		<name>crack</name>
		<pose>Unspecified</pose>
		<truncated>0</truncated>
		<difficult>0</difficult>
		<bndbox>
			<xmin>1716</xmin>
			<ymin>721</ymin>
			<xmax>1973</xmax>
			<ymax>1025</ymax>
		</bndbox>
	</object>
</annotation>
