<annotation>
	<folder>my_part</folder>
	<filename>201311001_LIMI_006805.jpg</filename>
	<path>/home/ahmad/hackthon/hackatum/data/my_part/201311001_LIMI_006805.jpg</path>
	<source>
		<database>Unknown</database>
	</source>
	<size>
		<width>2040</width>
		<height>1536</height>
		<depth>1</depth>
	</size>
	<segmented>0</segmented>
	<object>
		<name>crack</name>
		<pose>Unspecified</pose>
		<truncated>0</truncated>
		<difficult>0</difficult>
		<bndbox>
			<xmin>329</xmin>
			<ymin>324</ymin>
			<xmax>752</xmax>
			<ymax>1141</ymax>
		</bndbox>
	</object>
	<object>
		<name>crack</name>
		<pose>Unspecified</pose>
		<truncated>0</truncated>
		<difficult>0</difficult>
		<bndbox>
			<xmin>861</xmin>
			<ymin>288</ymin>
			<xmax>1143</xmax>
			<ymax>914</ymax>
		</bndbox>
	</object>
	<object>
		<name>crack</name>
		<pose>Unspecified</pose>
		<truncated>0</truncated>
		<difficult>0</difficult>
		<bndbox>
			<xmin>761</xmin>
			<ymin>97</ymin>
			<xmax>871</xmax>
			<ymax>877</ymax>
		</bndbox>
	</object>
</annotation>
