<annotation>
	<folder>my_part</folder>
	<filename>201311004_LIMI_006868.jpg</filename>
	<path>/home/ahmad/hackthon/hackatum/data/my_part/201311004_LIMI_006868.jpg</path>
	<source>
		<database>Unknown</database>
	</source>
	<size>
		<width>2040</width>
		<height>1536</height>
		<depth>1</depth>
	</size>
	<segmented>0</segmented>
	<object>
		<name>crack</name>
		<pose>Unspecified</pose>
		<truncated>0</truncated>
		<difficult>0</difficult>
		<bndbox>
			<xmin>255</xmin>
			<ymin>78</ymin>
			<xmax>981</xmax>
			<ymax>907</ymax>
		</bndbox>
	</object>
	<object>
		<name>crack</name>
		<pose>Unspecified</pose>
		<truncated>0</truncated>
		<difficult>0</difficult>
		<bndbox>
			<xmin>1018</xmin>
			<ymin>971</ymin>
			<xmax>1726</xmax>
			<ymax>1525</ymax>
		</bndbox>
	</object>
</annotation>
