<annotation>
	<folder>my_part</folder>
	<filename>201307001_LIMI_003494.jpg</filename>
	<path>/home/ahmad/hackthon/hackatum/data/my_part/201307001_LIMI_003494.jpg</path>
	<source>
		<database>Unknown</database>
	</source>
	<size>
		<width>2040</width>
		<height>1536</height>
		<depth>1</depth>
	</size>
	<segmented>0</segmented>
	<object>
		<name>crack</name>
		<pose>Unspecified</pose>
		<truncated>1</truncated>
		<difficult>0</difficult>
		<bndbox>
			<xmin>672</xmin>
			<ymin>1094</ymin>
			<xmax>920</xmax>
			<ymax>1536</ymax>
		</bndbox>
	</object>
</annotation>
