<annotation>
	<folder>my_part</folder>
	<filename>201304031_LIMI_001927.jpg</filename>
	<path>/home/ahmad/hackthon/hackatum/data/my_part/201304031_LIMI_001927.jpg</path>
	<source>
		<database>Unknown</database>
	</source>
	<size>
		<width>2040</width>
		<height>1536</height>
		<depth>1</depth>
	</size>
	<segmented>0</segmented>
	<object>
		<name>crack</name>
		<pose>Unspecified</pose>
		<truncated>0</truncated>
		<difficult>0</difficult>
		<bndbox>
			<xmin>311</xmin>
			<ymin>209</ymin>
			<xmax>484</xmax>
			<ymax>1168</ymax>
		</bndbox>
	</object>
	<object>
		<name>crack</name>
		<pose>Unspecified</pose>
		<truncated>0</truncated>
		<difficult>0</difficult>
		<bndbox>
			<xmin>830</xmin>
			<ymin>823</ymin>
			<xmax>1730</xmax>
			<ymax>1481</ymax>
		</bndbox>
	</object>
	<object>
		<name>crack</name>
		<pose>Unspecified</pose>
		<truncated>0</truncated>
		<difficult>0</difficult>
		<bndbox>
			<xmin>1529</xmin>
			<ymin>174</ymin>
			<xmax>1772</xmax>
			<ymax>839</ymax>
		</bndbox>
	</object>
	<object>
		<name>crack</name>
		<pose>Unspecified</pose>
		<truncated>0</truncated>
		<difficult>0</difficult>
		<bndbox>
			<xmin>537</xmin>
			<ymin>425</ymin>
			<xmax>776</xmax>
			<ymax>960</ymax>
		</bndbox>
	</object>
</annotation>
