<annotation>
	<folder>my_part</folder>
	<filename>201307014_LIMI_003949.jpg</filename>
	<path>/home/ahmad/hackthon/hackatum/data/my_part/201307014_LIMI_003949.jpg</path>
	<source>
		<database>Unknown</database>
	</source>
	<size>
		<width>2040</width>
		<height>1536</height>
		<depth>1</depth>
	</size>
	<segmented>0</segmented>
	<object>
		<name>crack</name>
		<pose>Unspecified</pose>
		<truncated>0</truncated>
		<difficult>0</difficult>
		<bndbox>
			<xmin>623</xmin>
			<ymin>339</ymin>
			<xmax>911</xmax>
			<ymax>910</ymax>
		</bndbox>
	</object>
	<object>
		<name>crack</name>
		<pose>Unspecified</pose>
		<truncated>0</truncated>
		<difficult>0</difficult>
		<bndbox>
			<xmin>804</xmin>
			<ymin>907</ymin>
			<xmax>929</xmax>
			<ymax>1259</ymax>
		</bndbox>
	</object>
</annotation>
