<annotation>
	<folder>my_part</folder>
	<filename>201303015_LIMI_000951.jpg</filename>
	<path>/home/ahmad/hackthon/hackatum/data/my_part/201303015_LIMI_000951.jpg</path>
	<source>
		<database>Unknown</database>
	</source>
	<size>
		<width>2040</width>
		<height>1536</height>
		<depth>3</depth>
	</size>
	<segmented>0</segmented>
	<object>
		<name>crack</name>
		<pose>Unspecified</pose>
		<truncated>0</truncated>
		<difficult>0</difficult>
		<bndbox>
			<xmin>548</xmin>
			<ymin>165</ymin>
			<xmax>882</xmax>
			<ymax>627</ymax>
		</bndbox>
	</object>
	<object>
		<name>crack</name>
		<pose>Unspecified</pose>
		<truncated>0</truncated>
		<difficult>0</difficult>
		<bndbox>
			<xmin>568</xmin>
			<ymin>903</ymin>
			<xmax>868</xmax>
			<ymax>1270</ymax>
		</bndbox>
	</object>
</annotation>
