<annotation>
	<folder>my_part</folder>
	<filename>201305009_LIMI_002850.jpg</filename>
	<path>/home/ahmad/hackthon/hackatum/data/my_part/201305009_LIMI_002850.jpg</path>
	<source>
		<database>Unknown</database>
	</source>
	<size>
		<width>2040</width>
		<height>1536</height>
		<depth>1</depth>
	</size>
	<segmented>0</segmented>
	<object>
		<name>crack</name>
		<pose>Unspecified</pose>
		<truncated>1</truncated>
		<difficult>0</difficult>
		<bndbox>
			<xmin>794</xmin>
			<ymin>699</ymin>
			<xmax>2040</xmax>
			<ymax>1058</ymax>
		</bndbox>
	</object>
	<object>
		<name>crack</name>
		<pose>Unspecified</pose>
		<truncated>0</truncated>
		<difficult>0</difficult>
		<bndbox>
			<xmin>16</xmin>
			<ymin>688</ymin>
			<xmax>767</xmax>
			<ymax>1023</ymax>
		</bndbox>
	</object>
</annotation>
