<annotation>
	<folder>my_part</folder>
	<filename>201305009_LIMI_002848.jpg</filename>
	<path>/home/ahmad/hackthon/hackatum/data/my_part/201305009_LIMI_002848.jpg</path>
	<source>
		<database>Unknown</database>
	</source>
	<size>
		<width>2040</width>
		<height>1536</height>
		<depth>1</depth>
	</size>
	<segmented>0</segmented>
	<object>
		<name>crack</name>
		<pose>Unspecified</pose>
		<truncated>0</truncated>
		<difficult>0</difficult>
		<bndbox>
			<xmin>1123</xmin>
			<ymin>738</ymin>
			<xmax>2028</xmax>
			<ymax>1159</ymax>
		</bndbox>
	</object>
	<object>
		<name>crack</name>
		<pose>Unspecified</pose>
		<truncated>0</truncated>
		<difficult>0</difficult>
		<bndbox>
			<xmin>3</xmin>
			<ymin>649</ymin>
			<xmax>767</xmax>
			<ymax>1029</ymax>
		</bndbox>
	</object>
</annotation>
