<annotation>
	<folder>my_part</folder>
	<filename>201307020_LIMI_004496.jpg</filename>
	<path>/home/ahmad/hackthon/hackatum/data/my_part/201307020_LIMI_004496.jpg</path>
	<source>
		<database>Unknown</database>
	</source>
	<size>
		<width>2040</width>
		<height>1536</height>
		<depth>3</depth>
	</size>
	<segmented>0</segmented>
	<object>
		<name>crack</name>
		<pose>Unspecified</pose>
		<truncated>0</truncated>
		<difficult>0</difficult>
		<bndbox>
			<xmin>745</xmin>
			<ymin>345</ymin>
			<xmax>1262</xmax>
			<ymax>1075</ymax>
		</bndbox>
	</object>
</annotation>
