<annotation>
	<folder>my_part</folder>
	<filename>201311001_LIMI_006740.jpg</filename>
	<path>/home/ahmad/hackthon/hackatum/data/my_part/201311001_LIMI_006740.jpg</path>
	<source>
		<database>Unknown</database>
	</source>
	<size>
		<width>2040</width>
		<height>1536</height>
		<depth>1</depth>
	</size>
	<segmented>0</segmented>
	<object>
		<name>crack</name>
		<pose>Unspecified</pose>
		<truncated>0</truncated>
		<difficult>0</difficult>
		<bndbox>
			<xmin>1200</xmin>
			<ymin>201</ymin>
			<xmax>2014</xmax>
			<ymax>1092</ymax>
		</bndbox>
	</object>
	<object>
		<name>crack</name>
		<pose>Unspecified</pose>
		<truncated>1</truncated>
		<difficult>0</difficult>
		<bndbox>
			<xmin>356</xmin>
			<ymin>25</ymin>
			<xmax>1196</xmax>
			<ymax>1536</ymax>
		</bndbox>
	</object>
</annotation>
