<annotation>
	<folder>my_part</folder>
	<filename>201312002_LIMI_008260.jpg</filename>
	<path>/home/ahmad/hackthon/hackatum/data/my_part/201312002_LIMI_008260.jpg</path>
	<source>
		<database>Unknown</database>
	</source>
	<size>
		<width>2040</width>
		<height>1536</height>
		<depth>1</depth>
	</size>
	<segmented>0</segmented>
	<object>
		<name>crack</name>
		<pose>Unspecified</pose>
		<truncated>0</truncated>
		<difficult>0</difficult>
		<bndbox>
			<xmin>12</xmin>
			<ymin>1089</ymin>
			<xmax>816</xmax>
			<ymax>1254</ymax>
		</bndbox>
	</object>
	<object>
		<name>crack</name>
		<pose>Unspecified</pose>
		<truncated>0</truncated>
		<difficult>0</difficult>
		<bndbox>
			<xmin>860</xmin>
			<ymin>1037</ymin>
			<xmax>1951</xmax>
			<ymax>1311</ymax>
		</bndbox>
	</object>
</annotation>
