<annotation>
	<folder>my_part</folder>
	<filename>201303015_LIMI_000952.jpg</filename>
	<path>/home/ahmad/hackthon/hackatum/data/my_part/201303015_LIMI_000952.jpg</path>
	<source>
		<database>Unknown</database>
	</source>
	<size>
		<width>2040</width>
		<height>1536</height>
		<depth>3</depth>
	</size>
	<segmented>0</segmented>
	<object>
		<name>crack</name>
		<pose>Unspecified</pose>
		<truncated>0</truncated>
		<difficult>0</difficult>
		<bndbox>
			<xmin>1615</xmin>
			<ymin>606</ymin>
			<xmax>2014</xmax>
			<ymax>825</ymax>
		</bndbox>
	</object>
	<object>
		<name>crack</name>
		<pose>Unspecified</pose>
		<truncated>0</truncated>
		<difficult>0</difficult>
		<bndbox>
			<xmin>7</xmin>
			<ymin>735</ymin>
			<xmax>372</xmax>
			<ymax>935</ymax>
		</bndbox>
	</object>
</annotation>
