<annotation>
	<folder>Examples cracks</folder>
	<filename>201404018_LIMI_002137.jpg</filename>
	<path>/Users/ducnguyen/Downloads/Examples cracks/201404018_LIMI_002137.jpg</path>
	<source>
		<database>Unknown</database>
	</source>
	<size>
		<width>2040</width>
		<height>1536</height>
		<depth>1</depth>
	</size>
	<segmented>0</segmented>
	<object>
		<name>crack</name>
		<pose>Unspecified</pose>
		<truncated>1</truncated>
		<difficult>0</difficult>
		<bndbox>
			<xmin>680</xmin>
			<ymin>1</ymin>
			<xmax>1298</xmax>
			<ymax>1305</ymax>
		</bndbox>
	</object>
</annotation>
