<annotation>
	<folder>my_part</folder>
	<filename>201402010_LIMI_000327.jpg</filename>
	<path>/home/ahmad/hackthon/hackatum/data/my_part/201402010_LIMI_000327.jpg</path>
	<source>
		<database>Unknown</database>
	</source>
	<size>
		<width>2040</width>
		<height>1536</height>
		<depth>1</depth>
	</size>
	<segmented>0</segmented>
	<object>
		<name>crack</name>
		<pose>Unspecified</pose>
		<truncated>0</truncated>
		<difficult>0</difficult>
		<bndbox>
			<xmin>455</xmin>
			<ymin>531</ymin>
			<xmax>1254</xmax>
			<ymax>942</ymax>
		</bndbox>
	</object>
	<object>
		<name>crack</name>
		<pose>Unspecified</pose>
		<truncated>0</truncated>
		<difficult>0</difficult>
		<bndbox>
			<xmin>981</xmin>
			<ymin>1023</ymin>
			<xmax>1252</xmax>
			<ymax>1520</ymax>
		</bndbox>
	</object>
</annotation>
