<annotation>
	<folder>Examples cracks</folder>
	<filename>201405006_LIMI_002907.jpg</filename>
	<path>/Users/ducnguyen/Downloads/Examples cracks/201405006_LIMI_002907.jpg</path>
	<source>
		<database>Unknown</database>
	</source>
	<size>
		<width>2040</width>
		<height>1536</height>
		<depth>1</depth>
	</size>
	<segmented>0</segmented>
	<object>
		<name>crack</name>
		<pose>Unspecified</pose>
		<truncated>0</truncated>
		<difficult>0</difficult>
		<bndbox>
			<xmin>1116</xmin>
			<ymin>981</ymin>
			<xmax>1384</xmax>
			<ymax>1291</ymax>
		</bndbox>
	</object>
	<object>
		<name>crack</name>
		<pose>Unspecified</pose>
		<truncated>0</truncated>
		<difficult>0</difficult>
		<bndbox>
			<xmin>970</xmin>
			<ymin>541</ymin>
			<xmax>1074</xmax>
			<ymax>847</ymax>
		</bndbox>
	</object>
	<object>
		<name>crack</name>
		<pose>Unspecified</pose>
		<truncated>0</truncated>
		<difficult>0</difficult>
		<bndbox>
			<xmin>750</xmin>
			<ymin>403</ymin>
			<xmax>914</xmax>
			<ymax>627</ymax>
		</bndbox>
	</object>
	<object>
		<name>crack</name>
		<pose>Unspecified</pose>
		<truncated>0</truncated>
		<difficult>0</difficult>
		<bndbox>
			<xmin>624</xmin>
			<ymin>503</ymin>
			<xmax>960</xmax>
			<ymax>737</ymax>
		</bndbox>
	</object>
	<object>
		<name>crack</name>
		<pose>Unspecified</pose>
		<truncated>0</truncated>
		<difficult>0</difficult>
		<bndbox>
			<xmin>660</xmin>
			<ymin>235</ymin>
			<xmax>1210</xmax>
			<ymax>355</ymax>
		</bndbox>
	</object>
	<object>
		<name>crack</name>
		<pose>Unspecified</pose>
		<truncated>0</truncated>
		<difficult>0</difficult>
		<bndbox>
			<xmin>1202</xmin>
			<ymin>319</ymin>
			<xmax>1300</xmax>
			<ymax>575</ymax>
		</bndbox>
	</object>
</annotation>
