<annotation>
	<folder>Examples cracks</folder>
	<filename>201405006_LIMI_002914.jpg</filename>
	<path>/Users/ducnguyen/Downloads/Examples cracks/201405006_LIMI_002914.jpg</path>
	<source>
		<database>Unknown</database>
	</source>
	<size>
		<width>2040</width>
		<height>1536</height>
		<depth>1</depth>
	</size>
	<segmented>0</segmented>
	<object>
		<name>crack</name>
		<pose>Unspecified</pose>
		<truncated>0</truncated>
		<difficult>0</difficult>
		<bndbox>
			<xmin>556</xmin>
			<ymin>441</ymin>
			<xmax>1376</xmax>
			<ymax>1317</ymax>
		</bndbox>
	</object>
	<object>
		<name>crack</name>
		<pose>Unspecified</pose>
		<truncated>0</truncated>
		<difficult>0</difficult>
		<bndbox>
			<xmin>990</xmin>
			<ymin>277</ymin>
			<xmax>1204</xmax>
			<ymax>537</ymax>
		</bndbox>
	</object>
</annotation>
