<annotation>
	<folder>my_part</folder>
	<filename>201402010_LIMI_000305.jpg</filename>
	<path>/home/ahmad/hackthon/hackatum/data/my_part/201402010_LIMI_000305.jpg</path>
	<source>
		<database>Unknown</database>
	</source>
	<size>
		<width>2040</width>
		<height>1536</height>
		<depth>1</depth>
	</size>
	<segmented>0</segmented>
	<object>
		<name>crack</name>
		<pose>Unspecified</pose>
		<truncated>0</truncated>
		<difficult>0</difficult>
		<bndbox>
			<xmin>726</xmin>
			<ymin>784</ymin>
			<xmax>1223</xmax>
			<ymax>1382</ymax>
		</bndbox>
	</object>
	<object>
		<name>crack</name>
		<pose>Unspecified</pose>
		<truncated>0</truncated>
		<difficult>0</difficult>
		<bndbox>
			<xmin>372</xmin>
			<ymin>689</ymin>
			<xmax>764</xmax>
			<ymax>887</ymax>
		</bndbox>
	</object>
	<object>
		<name>crack</name>
		<pose>Unspecified</pose>
		<truncated>0</truncated>
		<difficult>0</difficult>
		<bndbox>
			<xmin>210</xmin>
			<ymin>361</ymin>
			<xmax>415</xmax>
			<ymax>784</ymax>
		</bndbox>
	</object>
</annotation>
