<annotation>
	<folder>Examples cracks</folder>
	<filename>201403007_LIMI_007512.jpg</filename>
	<path>/Users/ducnguyen/Downloads/Examples cracks/201403007_LIMI_007512.jpg</path>
	<source>
		<database>Unknown</database>
	</source>
	<size>
		<width>2040</width>
		<height>1536</height>
		<depth>1</depth>
	</size>
	<segmented>0</segmented>
	<object>
		<name>crack</name>
		<pose>Unspecified</pose>
		<truncated>0</truncated>
		<difficult>0</difficult>
		<bndbox>
			<xmin>1530</xmin>
			<ymin>241</ymin>
			<xmax>1812</xmax>
			<ymax>325</ymax>
		</bndbox>
	</object>
	<object>
		<name>crack</name>
		<pose>Unspecified</pose>
		<truncated>0</truncated>
		<difficult>0</difficult>
		<bndbox>
			<xmin>416</xmin>
			<ymin>279</ymin>
			<xmax>526</xmax>
			<ymax>319</ymax>
		</bndbox>
	</object>
</annotation>
