<annotation>
	<folder>Examples cracks</folder>
	<filename>201403001_LIMI_001156.jpg</filename>
	<path>/Users/ducnguyen/Downloads/Examples cracks/201403001_LIMI_001156.jpg</path>
	<source>
		<database>Unknown</database>
	</source>
	<size>
		<width>2040</width>
		<height>1536</height>
		<depth>1</depth>
	</size>
	<segmented>0</segmented>
	<object>
		<name>crack</name>
		<pose>Unspecified</pose>
		<truncated>0</truncated>
		<difficult>0</difficult>
		<bndbox>
			<xmin>938</xmin>
			<ymin>75</ymin>
			<xmax>1016</xmax>
			<ymax>885</ymax>
		</bndbox>
	</object>
	<object>
		<name>crack</name>
		<pose>Unspecified</pose>
		<truncated>0</truncated>
		<difficult>0</difficult>
		<bndbox>
			<xmin>890</xmin>
			<ymin>837</ymin>
			<xmax>926</xmax>
			<ymax>903</ymax>
		</bndbox>
	</object>
	<object>
		<name>crack</name>
		<pose>Unspecified</pose>
		<truncated>0</truncated>
		<difficult>0</difficult>
		<bndbox>
			<xmin>946</xmin>
			<ymin>1095</ymin>
			<xmax>980</xmax>
			<ymax>1159</ymax>
		</bndbox>
	</object>
</annotation>
