<annotation>
	<folder>my_part</folder>
	<filename>201401020_LIMI_000149.jpg</filename>
	<path>/home/ahmad/hackthon/hackatum/data/my_part/201401020_LIMI_000149.jpg</path>
	<source>
		<database>Unknown</database>
	</source>
	<size>
		<width>2040</width>
		<height>1536</height>
		<depth>1</depth>
	</size>
	<segmented>0</segmented>
	<object>
		<name>crack</name>
		<pose>Unspecified</pose>
		<truncated>0</truncated>
		<difficult>0</difficult>
		<bndbox>
			<xmin>884</xmin>
			<ymin>436</ymin>
			<xmax>1240</xmax>
			<ymax>602</ymax>
		</bndbox>
	</object>
	<object>
		<name>crack</name>
		<pose>Unspecified</pose>
		<truncated>0</truncated>
		<difficult>0</difficult>
		<bndbox>
			<xmin>1674</xmin>
			<ymin>504</ymin>
			<xmax>1975</xmax>
			<ymax>730</ymax>
		</bndbox>
	</object>
	<object>
		<name>crack</name>
		<pose>Unspecified</pose>
		<truncated>0</truncated>
		<difficult>0</difficult>
		<bndbox>
			<xmin>17</xmin>
			<ymin>502</ymin>
			<xmax>238</xmax>
			<ymax>628</ymax>
		</bndbox>
	</object>
	<object>
		<name>crack</name>
		<pose>Unspecified</pose>
		<truncated>0</truncated>
		<difficult>0</difficult>
		<bndbox>
			<xmin>1195</xmin>
			<ymin>475</ymin>
			<xmax>1469</xmax>
			<ymax>780</ymax>
		</bndbox>
	</object>
</annotation>
