<annotation>
	<folder>my_part</folder>
	<filename>201401020_LIMI_000151.jpg</filename>
	<path>/home/ahmad/hackthon/hackatum/data/my_part/201401020_LIMI_000151.jpg</path>
	<source>
		<database>Unknown</database>
	</source>
	<size>
		<width>2040</width>
		<height>1536</height>
		<depth>1</depth>
	</size>
	<segmented>0</segmented>
	<object>
		<name>crack</name>
		<pose>Unspecified</pose>
		<truncated>0</truncated>
		<difficult>0</difficult>
		<bndbox>
			<xmin>39</xmin>
			<ymin>468</ymin>
			<xmax>422</xmax>
			<ymax>614</ymax>
		</bndbox>
	</object>
	<object>
		<name>crack</name>
		<pose>Unspecified</pose>
		<truncated>0</truncated>
		<difficult>0</difficult>
		<bndbox>
			<xmin>1462</xmin>
			<ymin>656</ymin>
			<xmax>1979</xmax>
			<ymax>946</ymax>
		</bndbox>
	</object>
</annotation>
