<annotation>
	<folder>Examples cracks</folder>
	<filename>201407020_LIMI_004040.jpg</filename>
	<path>/Users/ducnguyen/Downloads/Examples cracks/201407020_LIMI_004040.jpg</path>
	<source>
		<database>Unknown</database>
	</source>
	<size>
		<width>2040</width>
		<height>1536</height>
		<depth>1</depth>
	</size>
	<segmented>0</segmented>
	<object>
		<name>crack</name>
		<pose>Unspecified</pose>
		<truncated>0</truncated>
		<difficult>0</difficult>
		<bndbox>
			<xmin>1026</xmin>
			<ymin>243</ymin>
			<xmax>1232</xmax>
			<ymax>1091</ymax>
		</bndbox>
	</object>
</annotation>
