<annotation>
	<folder>Examples cracks</folder>
	<filename>201403007_LIMI_007329.jpg</filename>
	<path>/Users/ducnguyen/Downloads/Examples cracks/201403007_LIMI_007329.jpg</path>
	<source>
		<database>Unknown</database>
	</source>
	<size>
		<width>2040</width>
		<height>1536</height>
		<depth>1</depth>
	</size>
	<segmented>0</segmented>
	<object>
		<name>crack</name>
		<pose>Unspecified</pose>
		<truncated>0</truncated>
		<difficult>0</difficult>
		<bndbox>
			<xmin>234</xmin>
			<ymin>343</ymin>
			<xmax>616</xmax>
			<ymax>461</ymax>
		</bndbox>
	</object>
	<object>
		<name>crack</name>
		<pose>Unspecified</pose>
		<truncated>0</truncated>
		<difficult>0</difficult>
		<bndbox>
			<xmin>924</xmin>
			<ymin>361</ymin>
			<xmax>1040</xmax>
			<ymax>405</ymax>
		</bndbox>
	</object>
	<object>
		<name>crack</name>
		<pose>Unspecified</pose>
		<truncated>0</truncated>
		<difficult>0</difficult>
		<bndbox>
			<xmin>1302</xmin>
			<ymin>403</ymin>
			<xmax>1496</xmax>
			<ymax>459</ymax>
		</bndbox>
	</object>
</annotation>
