<annotation>
	<folder>Examples cracks</folder>
	<filename>201404010_LIMI_002244.jpg</filename>
	<path>/Users/ducnguyen/Downloads/Examples cracks/201404010_LIMI_002244.jpg</path>
	<source>
		<database>Unknown</database>
	</source>
	<size>
		<width>2040</width>
		<height>1536</height>
		<depth>1</depth>
	</size>
	<segmented>0</segmented>
	<object>
		<name>crack</name>
		<pose>Unspecified</pose>
		<truncated>0</truncated>
		<difficult>0</difficult>
		<bndbox>
			<xmin>996</xmin>
			<ymin>1245</ymin>
			<xmax>1026</xmax>
			<ymax>1313</ymax>
		</bndbox>
	</object>
	<object>
		<name>crack</name>
		<pose>Unspecified</pose>
		<truncated>0</truncated>
		<difficult>0</difficult>
		<bndbox>
			<xmin>1668</xmin>
			<ymin>723</ymin>
			<xmax>1724</xmax>
			<ymax>877</ymax>
		</bndbox>
	</object>
</annotation>
