<annotation>
	<folder>Examples cracks</folder>
	<filename>201404018_LIMI_002136.jpg</filename>
	<path>/Users/ducnguyen/Downloads/Examples cracks/201404018_LIMI_002136.jpg</path>
	<source>
		<database>Unknown</database>
	</source>
	<size>
		<width>2040</width>
		<height>1536</height>
		<depth>1</depth>
	</size>
	<segmented>0</segmented>
	<object>
		<name>crack</name>
		<pose>Unspecified</pose>
		<truncated>0</truncated>
		<difficult>0</difficult>
		<bndbox>
			<xmin>648</xmin>
			<ymin>287</ymin>
			<xmax>804</xmax>
			<ymax>1241</ymax>
		</bndbox>
	</object>
</annotation>
