<annotation>
	<folder>Examples cracks</folder>
	<filename>201403007_LIMI_007328.jpg</filename>
	<path>/Users/ducnguyen/Downloads/Examples cracks/201403007_LIMI_007328.jpg</path>
	<source>
		<database>Unknown</database>
	</source>
	<size>
		<width>2040</width>
		<height>1536</height>
		<depth>1</depth>
	</size>
	<segmented>0</segmented>
	<object>
		<name>crack</name>
		<pose>Unspecified</pose>
		<truncated>0</truncated>
		<difficult>0</difficult>
		<bndbox>
			<xmin>720</xmin>
			<ymin>507</ymin>
			<xmax>924</xmax>
			<ymax>689</ymax>
		</bndbox>
	</object>
	<object>
		<name>crack</name>
		<pose>Unspecified</pose>
		<truncated>0</truncated>
		<difficult>0</difficult>
		<bndbox>
			<xmin>246</xmin>
			<ymin>325</ymin>
			<xmax>396</xmax>
			<ymax>373</ymax>
		</bndbox>
	</object>
</annotation>
