<annotation>
	<folder>Examples cracks</folder>
	<filename>201410021_LIMI_006044.jpg</filename>
	<path>/Users/ducnguyen/Downloads/Examples cracks/201410021_LIMI_006044.jpg</path>
	<source>
		<database>Unknown</database>
	</source>
	<size>
		<width>2040</width>
		<height>1536</height>
		<depth>1</depth>
	</size>
	<segmented>0</segmented>
	<object>
		<name>crack</name>
		<pose>Unspecified</pose>
		<truncated>0</truncated>
		<difficult>0</difficult>
		<bndbox>
			<xmin>870</xmin>
			<ymin>877</ymin>
			<xmax>1018</xmax>
			<ymax>1013</ymax>
		</bndbox>
	</object>
	<object>
		<name>crack</name>
		<pose>Unspecified</pose>
		<truncated>0</truncated>
		<difficult>0</difficult>
		<bndbox>
			<xmin>1002</xmin>
			<ymin>891</ymin>
			<xmax>1464</xmax>
			<ymax>1193</ymax>
		</bndbox>
	</object>
	<object>
		<name>crack</name>
		<pose>Unspecified</pose>
		<truncated>1</truncated>
		<difficult>0</difficult>
		<bndbox>
			<xmin>1476</xmin>
			<ymin>721</ymin>
			<xmax>2040</xmax>
			<ymax>929</ymax>
		</bndbox>
	</object>
	<object>
		<name>crack</name>
		<pose>Unspecified</pose>
		<truncated>0</truncated>
		<difficult>0</difficult>
		<bndbox>
			<xmin>700</xmin>
			<ymin>605</ymin>
			<xmax>902</xmax>
			<ymax>817</ymax>
		</bndbox>
	</object>
</annotation>
