<annotation>
	<folder>Examples cracks</folder>
	<filename>201403001_LIMI_001143.jpg</filename>
	<path>/Users/ducnguyen/Downloads/Examples cracks/201403001_LIMI_001143.jpg</path>
	<source>
		<database>Unknown</database>
	</source>
	<size>
		<width>2040</width>
		<height>1536</height>
		<depth>1</depth>
	</size>
	<segmented>0</segmented>
	<object>
		<name>crack</name>
		<pose>Unspecified</pose>
		<truncated>0</truncated>
		<difficult>0</difficult>
		<bndbox>
			<xmin>766</xmin>
			<ymin>263</ymin>
			<xmax>1128</xmax>
			<ymax>999</ymax>
		</bndbox>
	</object>
	<object>
		<name>crack</name>
		<pose>Unspecified</pose>
		<truncated>0</truncated>
		<difficult>0</difficult>
		<bndbox>
			<xmin>1134</xmin>
			<ymin>961</ymin>
			<xmax>1316</xmax>
			<ymax>1261</ymax>
		</bndbox>
	</object>
	<object>
		<name>crack</name>
		<pose>Unspecified</pose>
		<truncated>0</truncated>
		<difficult>0</difficult>
		<bndbox>
			<xmin>1270</xmin>
			<ymin>1243</ymin>
			<xmax>1412</xmax>
			<ymax>1485</ymax>
		</bndbox>
	</object>
</annotation>
