<annotation>
	<folder>Examples cracks</folder>
	<filename>201410005_LIMI_005278.jpg</filename>
	<path>/Users/ducnguyen/Downloads/Examples cracks/201410005_LIMI_005278.jpg</path>
	<source>
		<database>Unknown</database>
	</source>
	<size>
		<width>2040</width>
		<height>1536</height>
		<depth>1</depth>
	</size>
	<segmented>0</segmented>
	<object>
		<name>crack</name>
		<pose>Unspecified</pose>
		<truncated>0</truncated>
		<difficult>0</difficult>
		<bndbox>
			<xmin>1188</xmin>
			<ymin>421</ymin>
			<xmax>2038</xmax>
			<ymax>579</ymax>
		</bndbox>
	</object>
	<object>
		<name>crack</name>
		<pose>Unspecified</pose>
		<truncated>0</truncated>
		<difficult>0</difficult>
		<bndbox>
			<xmin>768</xmin>
			<ymin>255</ymin>
			<xmax>1290</xmax>
			<ymax>439</ymax>
		</bndbox>
	</object>
</annotation>
