<annotation>
	<folder>Examples cracks</folder>
	<filename>201403007_LIMI_007320.jpg</filename>
	<path>/Users/ducnguyen/Downloads/Examples cracks/201403007_LIMI_007320.jpg</path>
	<source>
		<database>Unknown</database>
	</source>
	<size>
		<width>2040</width>
		<height>1536</height>
		<depth>1</depth>
	</size>
	<segmented>0</segmented>
	<object>
		<name>crack</name>
		<pose>Unspecified</pose>
		<truncated>0</truncated>
		<difficult>0</difficult>
		<bndbox>
			<xmin>92</xmin>
			<ymin>393</ymin>
			<xmax>1358</xmax>
			<ymax>539</ymax>
		</bndbox>
	</object>
	<object>
		<name>crack</name>
		<pose>Unspecified</pose>
		<truncated>0</truncated>
		<difficult>0</difficult>
		<bndbox>
			<xmin>1594</xmin>
			<ymin>369</ymin>
			<xmax>1758</xmax>
			<ymax>455</ymax>
		</bndbox>
	</object>
</annotation>
