<annotation>
	<folder>Examples cracks</folder>
	<filename>201405006_LIMI_003753.jpg</filename>
	<path>/Users/ducnguyen/Downloads/Examples cracks/201405006_LIMI_003753.jpg</path>
	<source>
		<database>Unknown</database>
	</source>
	<size>
		<width>2040</width>
		<height>1536</height>
		<depth>1</depth>
	</size>
	<segmented>0</segmented>
	<object>
		<name>crack</name>
		<pose>Unspecified</pose>
		<truncated>0</truncated>
		<difficult>0</difficult>
		<bndbox>
			<xmin>98</xmin>
			<ymin>521</ymin>
			<xmax>762</xmax>
			<ymax>1001</ymax>
		</bndbox>
	</object>
	<object>
		<name>crack</name>
		<pose>Unspecified</pose>
		<truncated>0</truncated>
		<difficult>0</difficult>
		<bndbox>
			<xmin>974</xmin>
			<ymin>1155</ymin>
			<xmax>1692</xmax>
			<ymax>1533</ymax>
		</bndbox>
	</object>
	<object>
		<name>crack</name>
		<pose>Unspecified</pose>
		<truncated>0</truncated>
		<difficult>0</difficult>
		<bndbox>
			<xmin>158</xmin>
			<ymin>15</ymin>
			<xmax>1328</xmax>
			<ymax>483</ymax>
		</bndbox>
	</object>
	<object>
		<name>crack</name>
		<pose>Unspecified</pose>
		<truncated>0</truncated>
		<difficult>0</difficult>
		<bndbox>
			<xmin>1310</xmin>
			<ymin>411</ymin>
			<xmax>1546</xmax>
			<ymax>651</ymax>
		</bndbox>
	</object>
	<object>
		<name>crack</name>
		<pose>Unspecified</pose>
		<truncated>0</truncated>
		<difficult>0</difficult>
		<bndbox>
			<xmin>808</xmin>
			<ymin>663</ymin>
			<xmax>1554</xmax>
			<ymax>1109</ymax>
		</bndbox>
	</object>
	<object>
		<name>crack</name>
		<pose>Unspecified</pose>
		<truncated>0</truncated>
		<difficult>0</difficult>
		<bndbox>
			<xmin>296</xmin>
			<ymin>1139</ymin>
			<xmax>604</xmax>
			<ymax>1533</ymax>
		</bndbox>
	</object>
	<object>
		<name>crack</name>
		<pose>Unspecified</pose>
		<truncated>0</truncated>
		<difficult>0</difficult>
		<bndbox>
			<xmin>616</xmin>
			<ymin>1005</ymin>
			<xmax>842</xmax>
			<ymax>1165</ymax>
		</bndbox>
	</object>
</annotation>
