<annotation>
	<folder>Examples cracks</folder>
	<filename>201410021_LIMI_006042.jpg</filename>
	<path>/Users/ducnguyen/Downloads/Examples cracks/201410021_LIMI_006042.jpg</path>
	<source>
		<database>Unknown</database>
	</source>
	<size>
		<width>2040</width>
		<height>1536</height>
		<depth>1</depth>
	</size>
	<segmented>0</segmented>
	<object>
		<name>crack</name>
		<pose>Unspecified</pose>
		<truncated>0</truncated>
		<difficult>0</difficult>
		<bndbox>
			<xmin>2</xmin>
			<ymin>727</ymin>
			<xmax>1810</xmax>
			<ymax>1129</ymax>
		</bndbox>
	</object>
</annotation>
