<annotation>
	<folder>Examples cracks</folder>
	<filename>201403007_LIMI_007326.jpg</filename>
	<path>/Users/ducnguyen/Downloads/Examples cracks/201403007_LIMI_007326.jpg</path>
	<source>
		<database>Unknown</database>
	</source>
	<size>
		<width>2040</width>
		<height>1536</height>
		<depth>1</depth>
	</size>
	<segmented>0</segmented>
	<object>
		<name>crack</name>
		<pose>Unspecified</pose>
		<truncated>0</truncated>
		<difficult>0</difficult>
		<bndbox>
			<xmin>948</xmin>
			<ymin>871</ymin>
			<xmax>1456</xmax>
			<ymax>993</ymax>
		</bndbox>
	</object>
	<object>
		<name>crack</name>
		<pose>Unspecified</pose>
		<truncated>0</truncated>
		<difficult>0</difficult>
		<bndbox>
			<xmin>712</xmin>
			<ymin>763</ymin>
			<xmax>988</xmax>
			<ymax>815</ymax>
		</bndbox>
	</object>
</annotation>
