<annotation>
	<folder>Examples cracks</folder>
	<filename>201404018_LIMI_002135.jpg</filename>
	<path>/Users/ducnguyen/Downloads/Examples cracks/201404018_LIMI_002135.jpg</path>
	<source>
		<database>Unknown</database>
	</source>
	<size>
		<width>2040</width>
		<height>1536</height>
		<depth>1</depth>
	</size>
	<segmented>0</segmented>
	<object>
		<name>crack</name>
		<pose>Unspecified</pose>
		<truncated>0</truncated>
		<difficult>0</difficult>
		<bndbox>
			<xmin>228</xmin>
			<ymin>821</ymin>
			<xmax>1726</xmax>
			<ymax>1049</ymax>
		</bndbox>
	</object>
	<object>
		<name>crack</name>
		<pose>Unspecified</pose>
		<truncated>0</truncated>
		<difficult>0</difficult>
		<bndbox>
			<xmin>1464</xmin>
			<ymin>569</ymin>
			<xmax>1960</xmax>
			<ymax>735</ymax>
		</bndbox>
	</object>
</annotation>
