<annotation>
	<folder>Examples cracks</folder>
	<filename>201404010_LIMI_002248.jpg</filename>
	<path>/Users/ducnguyen/Downloads/Examples cracks/201404010_LIMI_002248.jpg</path>
	<source>
		<database>Unknown</database>
	</source>
	<size>
		<width>2040</width>
		<height>1536</height>
		<depth>1</depth>
	</size>
	<segmented>0</segmented>
	<object>
		<name>crack</name>
		<pose>Unspecified</pose>
		<truncated>0</truncated>
		<difficult>0</difficult>
		<bndbox>
			<xmin>156</xmin>
			<ymin>285</ymin>
			<xmax>428</xmax>
			<ymax>451</ymax>
		</bndbox>
	</object>
	<object>
		<name>crack</name>
		<pose>Unspecified</pose>
		<truncated>0</truncated>
		<difficult>0</difficult>
		<bndbox>
			<xmin>1732</xmin>
			<ymin>637</ymin>
			<xmax>1896</xmax>
			<ymax>749</ymax>
		</bndbox>
	</object>
</annotation>
