<annotation>
	<folder>Examples cracks</folder>
	<filename>201403001_LIMI_001160.jpg</filename>
	<path>/Users/ducnguyen/Downloads/Examples cracks/201403001_LIMI_001160.jpg</path>
	<source>
		<database>Unknown</database>
	</source>
	<size>
		<width>2040</width>
		<height>1536</height>
		<depth>1</depth>
	</size>
	<segmented>0</segmented>
	<object>
		<name>crack</name>
		<pose>Unspecified</pose>
		<truncated>0</truncated>
		<difficult>0</difficult>
		<bndbox>
			<xmin>932</xmin>
			<ymin>267</ymin>
			<xmax>1150</xmax>
			<ymax>1527</ymax>
		</bndbox>
	</object>
	<object>
		<name>crack</name>
		<pose>Unspecified</pose>
		<truncated>0</truncated>
		<difficult>0</difficult>
		<bndbox>
			<xmin>854</xmin>
			<ymin>123</ymin>
			<xmax>946</xmax>
			<ymax>229</ymax>
		</bndbox>
	</object>
</annotation>
