<annotation>
	<folder>Examples cracks</folder>
	<filename>201404018_LIMI_002134.jpg</filename>
	<path>/Users/ducnguyen/Downloads/Examples cracks/201404018_LIMI_002134.jpg</path>
	<source>
		<database>Unknown</database>
	</source>
	<size>
		<width>2040</width>
		<height>1536</height>
		<depth>1</depth>
	</size>
	<segmented>0</segmented>
	<object>
		<name>crack</name>
		<pose>Unspecified</pose>
		<truncated>0</truncated>
		<difficult>0</difficult>
		<bndbox>
			<xmin>386</xmin>
			<ymin>449</ymin>
			<xmax>672</xmax>
			<ymax>1415</ymax>
		</bndbox>
	</object>
	<object>
		<name>crack</name>
		<pose>Unspecified</pose>
		<truncated>0</truncated>
		<difficult>0</difficult>
		<bndbox>
			<xmin>1812</xmin>
			<ymin>777</ymin>
			<xmax>1928</xmax>
			<ymax>1329</ymax>
		</bndbox>
	</object>
</annotation>
