<annotation>
	<folder>Examples cracks</folder>
	<filename>201403001_LIMI_001144.jpg</filename>
	<path>/Users/ducnguyen/Downloads/Examples cracks/201403001_LIMI_001144.jpg</path>
	<source>
		<database>Unknown</database>
	</source>
	<size>
		<width>2040</width>
		<height>1536</height>
		<depth>1</depth>
	</size>
	<segmented>0</segmented>
	<object>
		<name>crack</name>
		<pose>Unspecified</pose>
		<truncated>0</truncated>
		<difficult>0</difficult>
		<bndbox>
			<xmin>678</xmin>
			<ymin>547</ymin>
			<xmax>856</xmax>
			<ymax>619</ymax>
		</bndbox>
	</object>
	<object>
		<name>crack</name>
		<pose>Unspecified</pose>
		<truncated>0</truncated>
		<difficult>0</difficult>
		<bndbox>
			<xmin>1308</xmin>
			<ymin>165</ymin>
			<xmax>1332</xmax>
			<ymax>383</ymax>
		</bndbox>
	</object>
	<object>
		<name>crack</name>
		<pose>Unspecified</pose>
		<truncated>0</truncated>
		<difficult>0</difficult>
		<bndbox>
			<xmin>1318</xmin>
			<ymin>333</ymin>
			<xmax>1478</xmax>
			<ymax>401</ymax>
		</bndbox>
	</object>
	<object>
		<name>crack</name>
		<pose>Unspecified</pose>
		<truncated>0</truncated>
		<difficult>0</difficult>
		<bndbox>
			<xmin>1160</xmin>
			<ymin>359</ymin>
			<xmax>1304</xmax>
			<ymax>533</ymax>
		</bndbox>
	</object>
	<object>
		<name>crack</name>
		<pose>Unspecified</pose>
		<truncated>0</truncated>
		<difficult>0</difficult>
		<bndbox>
			<xmin>866</xmin>
			<ymin>523</ymin>
			<xmax>1338</xmax>
			<ymax>1525</ymax>
		</bndbox>
	</object>
</annotation>
