<annotation>
	<folder>Examples cracks</folder>
	<filename>201410021_LIMI_006043.jpg</filename>
	<path>/Users/ducnguyen/Downloads/Examples cracks/201410021_LIMI_006043.jpg</path>
	<source>
		<database>Unknown</database>
	</source>
	<size>
		<width>2040</width>
		<height>1536</height>
		<depth>1</depth>
	</size>
	<segmented>0</segmented>
	<object>
		<name>crack</name>
		<pose>Unspecified</pose>
		<truncated>1</truncated>
		<difficult>0</difficult>
		<bndbox>
			<xmin>450</xmin>
			<ymin>623</ymin>
			<xmax>2040</xmax>
			<ymax>906</ymax>
		</bndbox>
	</object>
	<object>
		<name>crack</name>
		<pose>Unspecified</pose>
		<truncated>0</truncated>
		<difficult>0</difficult>
		<bndbox>
			<xmin>324</xmin>
			<ymin>767</ymin>
			<xmax>494</xmax>
			<ymax>937</ymax>
		</bndbox>
	</object>
</annotation>
