<annotation>
	<folder>Examples cracks</folder>
	<filename>201405006_LIMI_003754.jpg</filename>
	<path>/Users/ducnguyen/Downloads/Examples cracks/201405006_LIMI_003754.jpg</path>
	<source>
		<database>Unknown</database>
	</source>
	<size>
		<width>2040</width>
		<height>1536</height>
		<depth>1</depth>
	</size>
	<segmented>0</segmented>
	<object>
		<name>crack</name>
		<pose>Unspecified</pose>
		<truncated>0</truncated>
		<difficult>0</difficult>
		<bndbox>
			<xmin>494</xmin>
			<ymin>323</ymin>
			<xmax>1338</xmax>
			<ymax>1305</ymax>
		</bndbox>
	</object>
	<object>
		<name>crack</name>
		<pose>Unspecified</pose>
		<truncated>0</truncated>
		<difficult>0</difficult>
		<bndbox>
			<xmin>1210</xmin>
			<ymin>145</ymin>
			<xmax>1520</xmax>
			<ymax>407</ymax>
		</bndbox>
	</object>
	<object>
		<name>crack</name>
		<pose>Unspecified</pose>
		<truncated>0</truncated>
		<difficult>0</difficult>
		<bndbox>
			<xmin>1530</xmin>
			<ymin>263</ymin>
			<xmax>1774</xmax>
			<ymax>669</ymax>
		</bndbox>
	</object>
</annotation>
