<annotation>
	<folder>Examples cracks</folder>
	<filename>201405006_LIMI_003739.jpg</filename>
	<path>/Users/ducnguyen/Downloads/Examples cracks/201405006_LIMI_003739.jpg</path>
	<source>
		<database>Unknown</database>
	</source>
	<size>
		<width>2040</width>
		<height>1536</height>
		<depth>1</depth>
	</size>
	<segmented>0</segmented>
	<object>
		<name>crack</name>
		<pose>Unspecified</pose>
		<truncated>0</truncated>
		<difficult>0</difficult>
		<bndbox>
			<xmin>448</xmin>
			<ymin>7</ymin>
			<xmax>1002</xmax>
			<ymax>659</ymax>
		</bndbox>
	</object>
	<object>
		<name>crack</name>
		<pose>Unspecified</pose>
		<truncated>1</truncated>
		<difficult>0</difficult>
		<bndbox>
			<xmin>4</xmin>
			<ymin>1357</ymin>
			<xmax>371</xmax>
			<ymax>1536</ymax>
		</bndbox>
	</object>
</annotation>
