<annotation>
	<folder>Examples cracks</folder>
	<filename>201403001_LIMI_001145.jpg</filename>
	<path>/Users/ducnguyen/Downloads/Examples cracks/201403001_LIMI_001145.jpg</path>
	<source>
		<database>Unknown</database>
	</source>
	<size>
		<width>2040</width>
		<height>1536</height>
		<depth>1</depth>
	</size>
	<segmented>0</segmented>
	<object>
		<name>crack</name>
		<pose>Unspecified</pose>
		<truncated>0</truncated>
		<difficult>0</difficult>
		<bndbox>
			<xmin>730</xmin>
			<ymin>435</ymin>
			<xmax>1176</xmax>
			<ymax>1343</ymax>
		</bndbox>
	</object>
	<object>
		<name>crack</name>
		<pose>Unspecified</pose>
		<truncated>0</truncated>
		<difficult>0</difficult>
		<bndbox>
			<xmin>828</xmin>
			<ymin>213</ymin>
			<xmax>888</xmax>
			<ymax>365</ymax>
		</bndbox>
	</object>
	<object>
		<name>crack</name>
		<pose>Unspecified</pose>
		<truncated>0</truncated>
		<difficult>0</difficult>
		<bndbox>
			<xmin>770</xmin>
			<ymin>25</ymin>
			<xmax>840</xmax>
			<ymax>133</ymax>
		</bndbox>
	</object>
</annotation>
