<annotation>
	<folder>Examples cracks</folder>
	<filename>201511023_LIMI_007096.jpg</filename>
	<path>/home/alex/git/hackatum-allianz/data/allianz-data-bbox/Examples cracks/201511023_LIMI_007096.jpg</path>
	<source>
		<database>Unknown</database>
	</source>
	<size>
		<width>2040</width>
		<height>1536</height>
		<depth>1</depth>
	</size>
	<segmented>0</segmented>
	<object>
		<name>crack</name>
		<pose>Unspecified</pose>
		<truncated>1</truncated>
		<difficult>0</difficult>
		<bndbox>
			<xmin>7</xmin>
			<ymin>390</ymin>
			<xmax>2040</xmax>
			<ymax>767</ymax>
		</bndbox>
	</object>
	<object>
		<name>crack</name>
		<pose>Unspecified</pose>
		<truncated>1</truncated>
		<difficult>0</difficult>
		<bndbox>
			<xmin>1001</xmin>
			<ymin>883</ymin>
			<xmax>2040</xmax>
			<ymax>1059</ymax>
		</bndbox>
	</object>
</annotation>
