<annotation>
	<folder>Examples cracks</folder>
	<filename>201504011_LIMI_001716.jpg</filename>
	<path>/Users/ducnguyen/Downloads/Examples cracks/201504011_LIMI_001716.jpg</path>
	<source>
		<database>Unknown</database>
	</source>
	<size>
		<width>2040</width>
		<height>1536</height>
		<depth>1</depth>
	</size>
	<segmented>0</segmented>
	<object>
		<name>crack</name>
		<pose>Unspecified</pose>
		<truncated>0</truncated>
		<difficult>0</difficult>
		<bndbox>
			<xmin>486</xmin>
			<ymin>383</ymin>
			<xmax>710</xmax>
			<ymax>1407</ymax>
		</bndbox>
	</object>
</annotation>
