<annotation>
	<folder>Examples cracks</folder>
	<filename>201508030_REM_003793.jpg</filename>
	<path>/Users/ducnguyen/Downloads/Examples cracks/201508030_REM_003793.jpg</path>
	<source>
		<database>Unknown</database>
	</source>
	<size>
		<width>2560</width>
		<height>1920</height>
		<depth>1</depth>
	</size>
	<segmented>0</segmented>
	<object>
		<name>crack</name>
		<pose>Unspecified</pose>
		<truncated>0</truncated>
		<difficult>0</difficult>
		<bndbox>
			<xmin>1155</xmin>
			<ymin>659</ymin>
			<xmax>1257</xmax>
			<ymax>1846</ymax>
		</bndbox>
	</object>
</annotation>
