<annotation>
	<folder>Examples cracks</folder>
	<filename>201502010_LIMI_000641.jpg</filename>
	<path>/Users/ducnguyen/Downloads/Examples cracks/201502010_LIMI_000641.jpg</path>
	<source>
		<database>Unknown</database>
	</source>
	<size>
		<width>2040</width>
		<height>1536</height>
		<depth>1</depth>
	</size>
	<segmented>0</segmented>
	<object>
		<name>crack</name>
		<pose>Unspecified</pose>
		<truncated>0</truncated>
		<difficult>0</difficult>
		<bndbox>
			<xmin>424</xmin>
			<ymin>407</ymin>
			<xmax>1584</xmax>
			<ymax>1213</ymax>
		</bndbox>
	</object>
	<object>
		<name>crack</name>
		<pose>Unspecified</pose>
		<truncated>0</truncated>
		<difficult>0</difficult>
		<bndbox>
			<xmin>1594</xmin>
			<ymin>1179</ymin>
			<xmax>1688</xmax>
			<ymax>1211</ymax>
		</bndbox>
	</object>
</annotation>
