<annotation>
	<folder>Examples cracks</folder>
	<filename>201503012_LIMI_000832.jpg</filename>
	<path>/Users/ducnguyen/Downloads/Examples cracks/201503012_LIMI_000832.jpg</path>
	<source>
		<database>Unknown</database>
	</source>
	<size>
		<width>2040</width>
		<height>1536</height>
		<depth>1</depth>
	</size>
	<segmented>0</segmented>
	<object>
		<name>crack</name>
		<pose>Unspecified</pose>
		<truncated>0</truncated>
		<difficult>0</difficult>
		<bndbox>
			<xmin>1030</xmin>
			<ymin>1177</ymin>
			<xmax>1102</xmax>
			<ymax>1469</ymax>
		</bndbox>
	</object>
	<object>
		<name>crack</name>
		<pose>Unspecified</pose>
		<truncated>0</truncated>
		<difficult>0</difficult>
		<bndbox>
			<xmin>856</xmin>
			<ymin>117</ymin>
			<xmax>1818</xmax>
			<ymax>1317</ymax>
		</bndbox>
	</object>
</annotation>
