<annotation>
	<folder>Examples cracks</folder>
	<filename>201509014_LIMI_006146.jpg</filename>
	<path>/Users/ducnguyen/Downloads/Examples cracks/201509014_LIMI_006146.jpg</path>
	<source>
		<database>Unknown</database>
	</source>
	<size>
		<width>2040</width>
		<height>1536</height>
		<depth>1</depth>
	</size>
	<segmented>0</segmented>
	<object>
		<name>crack</name>
		<pose>Unspecified</pose>
		<truncated>0</truncated>
		<difficult>0</difficult>
		<bndbox>
			<xmin>636</xmin>
			<ymin>155</ymin>
			<xmax>1110</xmax>
			<ymax>969</ymax>
		</bndbox>
	</object>
	<object>
		<name>crack</name>
		<pose>Unspecified</pose>
		<truncated>0</truncated>
		<difficult>0</difficult>
		<bndbox>
			<xmin>1138</xmin>
			<ymin>989</ymin>
			<xmax>1288</xmax>
			<ymax>1295</ymax>
		</bndbox>
	</object>
</annotation>
