<annotation>
	<folder>Examples cracks</folder>
	<filename>201507018_LIMI_008069.jpg</filename>
	<path>/Users/ducnguyen/Downloads/Examples cracks/201507018_LIMI_008069.jpg</path>
	<source>
		<database>Unknown</database>
	</source>
	<size>
		<width>2040</width>
		<height>1536</height>
		<depth>1</depth>
	</size>
	<segmented>0</segmented>
	<object>
		<name>crack</name>
		<pose>Unspecified</pose>
		<truncated>0</truncated>
		<difficult>0</difficult>
		<bndbox>
			<xmin>608</xmin>
			<ymin>337</ymin>
			<xmax>1324</xmax>
			<ymax>523</ymax>
		</bndbox>
	</object>
	<object>
		<name>crack</name>
		<pose>Unspecified</pose>
		<truncated>0</truncated>
		<difficult>0</difficult>
		<bndbox>
			<xmin>1322</xmin>
			<ymin>401</ymin>
			<xmax>1912</xmax>
			<ymax>519</ymax>
		</bndbox>
	</object>
</annotation>
