<annotation>
	<folder>Examples cracks</folder>
	<filename>201512016_LIMI_005945.jpg</filename>
	<path>/media/alex/DATA/Daten/Downloads/allianz-damage-predict-and-prevent-challenge-data/Examples cracks/201512016_LIMI_005945.jpg</path>
	<source>
		<database>Unknown</database>
	</source>
	<size>
		<width>2040</width>
		<height>1536</height>
		<depth>1</depth>
	</size>
	<segmented>0</segmented>
	<object>
		<name>crack</name>
		<pose>Unspecified</pose>
		<truncated>0</truncated>
		<difficult>0</difficult>
		<bndbox>
			<xmin>359</xmin>
			<ymin>164</ymin>
			<xmax>499</xmax>
			<ymax>728</ymax>
		</bndbox>
	</object>
	<object>
		<name>crack</name>
		<pose>Unspecified</pose>
		<truncated>0</truncated>
		<difficult>0</difficult>
		<bndbox>
			<xmin>37</xmin>
			<ymin>724</ymin>
			<xmax>1311</xmax>
			<ymax>991</ymax>
		</bndbox>
	</object>
	<object>
		<name>crack</name>
		<pose>Unspecified</pose>
		<truncated>1</truncated>
		<difficult>0</difficult>
		<bndbox>
			<xmin>795</xmin>
			<ymin>995</ymin>
			<xmax>2040</xmax>
			<ymax>1221</ymax>
		</bndbox>
	</object>
</annotation>
