<annotation>
	<folder>Examples cracks</folder>
	<filename>201507018_LIMI_008051.jpg</filename>
	<path>/Users/ducnguyen/Downloads/Examples cracks/201507018_LIMI_008051.jpg</path>
	<source>
		<database>Unknown</database>
	</source>
	<size>
		<width>2040</width>
		<height>1536</height>
		<depth>1</depth>
	</size>
	<segmented>0</segmented>
	<object>
		<name>crack</name>
		<pose>Unspecified</pose>
		<truncated>0</truncated>
		<difficult>0</difficult>
		<bndbox>
			<xmin>2</xmin>
			<ymin>821</ymin>
			<xmax>1216</xmax>
			<ymax>1081</ymax>
		</bndbox>
	</object>
	<object>
		<name>crack</name>
		<pose>Unspecified</pose>
		<truncated>0</truncated>
		<difficult>0</difficult>
		<bndbox>
			<xmin>1126</xmin>
			<ymin>383</ymin>
			<xmax>1580</xmax>
			<ymax>841</ymax>
		</bndbox>
	</object>
</annotation>
