<annotation>
	<folder>Examples cracks</folder>
	<filename>201510004_LIMI_005237.jpg</filename>
	<path>/Users/ducnguyen/Downloads/Examples cracks/201510004_LIMI_005237.jpg</path>
	<source>
		<database>Unknown</database>
	</source>
	<size>
		<width>2040</width>
		<height>1536</height>
		<depth>1</depth>
	</size>
	<segmented>0</segmented>
	<object>
		<name>crack</name>
		<pose>Unspecified</pose>
		<truncated>0</truncated>
		<difficult>0</difficult>
		<bndbox>
			<xmin>1642</xmin>
			<ymin>191</ymin>
			<xmax>1808</xmax>
			<ymax>1025</ymax>
		</bndbox>
	</object>
</annotation>
