<annotation>
	<folder>Examples cracks</folder>
	<filename>201503012_LIMI_000833.jpg</filename>
	<path>/Users/ducnguyen/Downloads/Examples cracks/201503012_LIMI_000833.jpg</path>
	<source>
		<database>Unknown</database>
	</source>
	<size>
		<width>2040</width>
		<height>1536</height>
		<depth>1</depth>
	</size>
	<segmented>0</segmented>
	<object>
		<name>crack</name>
		<pose>Unspecified</pose>
		<truncated>0</truncated>
		<difficult>0</difficult>
		<bndbox>
			<xmin>666</xmin>
			<ymin>313</ymin>
			<xmax>1554</xmax>
			<ymax>1531</ymax>
		</bndbox>
	</object>
	<object>
		<name>crack</name>
		<pose>Unspecified</pose>
		<truncated>0</truncated>
		<difficult>0</difficult>
		<bndbox>
			<xmin>576</xmin>
			<ymin>215</ymin>
			<xmax>618</xmax>
			<ymax>273</ymax>
		</bndbox>
	</object>
	<object>
		<name>crack</name>
		<pose>Unspecified</pose>
		<truncated>0</truncated>
		<difficult>0</difficult>
		<bndbox>
			<xmin>400</xmin>
			<ymin>223</ymin>
			<xmax>472</xmax>
			<ymax>267</ymax>
		</bndbox>
	</object>
</annotation>
