<annotation>
	<folder>Examples cracks</folder>
	<filename>201505014_LIMI_002599.jpg</filename>
	<path>/Users/ducnguyen/Downloads/Examples cracks/201505014_LIMI_002599.jpg</path>
	<source>
		<database>Unknown</database>
	</source>
	<size>
		<width>2040</width>
		<height>1536</height>
		<depth>1</depth>
	</size>
	<segmented>0</segmented>
	<object>
		<name>crack</name>
		<pose>Unspecified</pose>
		<truncated>0</truncated>
		<difficult>0</difficult>
		<bndbox>
			<xmin>34</xmin>
			<ymin>663</ymin>
			<xmax>1588</xmax>
			<ymax>1119</ymax>
		</bndbox>
	</object>
	<object>
		<name>crack</name>
		<pose>Unspecified</pose>
		<truncated>0</truncated>
		<difficult>0</difficult>
		<bndbox>
			<xmin>920</xmin>
			<ymin>521</ymin>
			<xmax>1336</xmax>
			<ymax>655</ymax>
		</bndbox>
	</object>
	<object>
		<name>crack</name>
		<pose>Unspecified</pose>
		<truncated>0</truncated>
		<difficult>0</difficult>
		<bndbox>
			<xmin>1082</xmin>
			<ymin>97</ymin>
			<xmax>1152</xmax>
			<ymax>301</ymax>
		</bndbox>
	</object>
</annotation>
