<annotation>
	<folder>Examples cracks</folder>
	<filename>201510013_LIMI_006072.jpg</filename>
	<path>/Users/ducnguyen/Downloads/Examples cracks/201510013_LIMI_006072.jpg</path>
	<source>
		<database>Unknown</database>
	</source>
	<size>
		<width>2040</width>
		<height>1536</height>
		<depth>1</depth>
	</size>
	<segmented>0</segmented>
	<object>
		<name>crack</name>
		<pose>Unspecified</pose>
		<truncated>0</truncated>
		<difficult>0</difficult>
		<bndbox>
			<xmin>80</xmin>
			<ymin>141</ymin>
			<xmax>210</xmax>
			<ymax>505</ymax>
		</bndbox>
	</object>
	<object>
		<name>crack</name>
		<pose>Unspecified</pose>
		<truncated>0</truncated>
		<difficult>0</difficult>
		<bndbox>
			<xmin>462</xmin>
			<ymin>171</ymin>
			<xmax>650</xmax>
			<ymax>603</ymax>
		</bndbox>
	</object>
	<object>
		<name>crack</name>
		<pose>Unspecified</pose>
		<truncated>0</truncated>
		<difficult>0</difficult>
		<bndbox>
			<xmin>1226</xmin>
			<ymin>247</ymin>
			<xmax>1376</xmax>
			<ymax>789</ymax>
		</bndbox>
	</object>
</annotation>
