<annotation>
	<folder>Examples cracks</folder>
	<filename>201507013_LIMI_005743.jpg</filename>
	<path>/Users/ducnguyen/Downloads/Examples cracks/201507013_LIMI_005743.jpg</path>
	<source>
		<database>Unknown</database>
	</source>
	<size>
		<width>2040</width>
		<height>1536</height>
		<depth>1</depth>
	</size>
	<segmented>0</segmented>
	<object>
		<name>crack</name>
		<pose>Unspecified</pose>
		<truncated>0</truncated>
		<difficult>0</difficult>
		<bndbox>
			<xmin>564</xmin>
			<ymin>485</ymin>
			<xmax>1144</xmax>
			<ymax>1331</ymax>
		</bndbox>
	</object>
</annotation>
