<annotation>
	<folder>Examples cracks</folder>
	<filename>201507018_LIMI_008057.jpg</filename>
	<path>/Users/ducnguyen/Downloads/Examples cracks/201507018_LIMI_008057.jpg</path>
	<source>
		<database>Unknown</database>
	</source>
	<size>
		<width>2040</width>
		<height>1536</height>
		<depth>1</depth>
	</size>
	<segmented>0</segmented>
	<object>
		<name>crack</name>
		<pose>Unspecified</pose>
		<truncated>0</truncated>
		<difficult>0</difficult>
		<bndbox>
			<xmin>218</xmin>
			<ymin>1039</ymin>
			<xmax>330</xmax>
			<ymax>1123</ymax>
		</bndbox>
	</object>
	<object>
		<name>crack</name>
		<pose>Unspecified</pose>
		<truncated>1</truncated>
		<difficult>0</difficult>
		<bndbox>
			<xmin>1118</xmin>
			<ymin>444</ymin>
			<xmax>2040</xmax>
			<ymax>715</ymax>
		</bndbox>
	</object>
	<object>
		<name>crack</name>
		<pose>Unspecified</pose>
		<truncated>0</truncated>
		<difficult>0</difficult>
		<bndbox>
			<xmin>906</xmin>
			<ymin>671</ymin>
			<xmax>1118</xmax>
			<ymax>811</ymax>
		</bndbox>
	</object>
</annotation>
