<annotation>
	<folder>Examples cracks</folder>
	<filename>201503012_LIMI_000825.jpg</filename>
	<path>/Users/ducnguyen/Downloads/Examples cracks/201503012_LIMI_000825.jpg</path>
	<source>
		<database>Unknown</database>
	</source>
	<size>
		<width>2040</width>
		<height>1536</height>
		<depth>1</depth>
	</size>
	<segmented>0</segmented>
	<object>
		<name>crack</name>
		<pose>Unspecified</pose>
		<truncated>0</truncated>
		<difficult>0</difficult>
		<bndbox>
			<xmin>1038</xmin>
			<ymin>1019</ymin>
			<xmax>1112</xmax>
			<ymax>1139</ymax>
		</bndbox>
	</object>
	<object>
		<name>crack</name>
		<pose>Unspecified</pose>
		<truncated>0</truncated>
		<difficult>0</difficult>
		<bndbox>
			<xmin>964</xmin>
			<ymin>515</ymin>
			<xmax>1496</xmax>
			<ymax>1085</ymax>
		</bndbox>
	</object>
</annotation>
