<annotation>
	<folder>Examples cracks</folder>
	<filename>201506006_LIMI_003014.jpg</filename>
	<path>/Users/ducnguyen/Downloads/Examples cracks/201506006_LIMI_003014.jpg</path>
	<source>
		<database>Unknown</database>
	</source>
	<size>
		<width>2040</width>
		<height>1536</height>
		<depth>3</depth>
	</size>
	<segmented>0</segmented>
	<object>
		<name>crack</name>
		<pose>Unspecified</pose>
		<truncated>0</truncated>
		<difficult>0</difficult>
		<bndbox>
			<xmin>804</xmin>
			<ymin>181</ymin>
			<xmax>1366</xmax>
			<ymax>1271</ymax>
		</bndbox>
	</object>
</annotation>
