<annotation>
	<folder>Examples cracks</folder>
	<filename>201511027_LIMI_005826.jpg</filename>
	<path>/home/alex/git/hackatum-allianz/data/allianz-data-bbox/Examples cracks/201511027_LIMI_005826.jpg</path>
	<source>
		<database>Unknown</database>
	</source>
	<size>
		<width>2040</width>
		<height>1536</height>
		<depth>1</depth>
	</size>
	<segmented>0</segmented>
	<object>
		<name>crack</name>
		<pose>Unspecified</pose>
		<truncated>0</truncated>
		<difficult>0</difficult>
		<bndbox>
			<xmin>235</xmin>
			<ymin>54</ymin>
			<xmax>542</xmax>
			<ymax>1004</ymax>
		</bndbox>
	</object>
	<object>
		<name>crack</name>
		<pose>Unspecified</pose>
		<truncated>1</truncated>
		<difficult>0</difficult>
		<bndbox>
			<xmin>1</xmin>
			<ymin>904</ymin>
			<xmax>682</xmax>
			<ymax>1155</ymax>
		</bndbox>
	</object>
	<object>
		<name>crack</name>
		<pose>Unspecified</pose>
		<truncated>0</truncated>
		<difficult>0</difficult>
		<bndbox>
			<xmin>594</xmin>
			<ymin>1184</ymin>
			<xmax>1579</xmax>
			<ymax>1351</ymax>
		</bndbox>
	</object>
	<object>
		<name>crack</name>
		<pose>Unspecified</pose>
		<truncated>0</truncated>
		<difficult>0</difficult>
		<bndbox>
			<xmin>1540</xmin>
			<ymin>642</ymin>
			<xmax>1831</xmax>
			<ymax>1117</ymax>
		</bndbox>
	</object>
	<object>
		<name>crack</name>
		<pose>Unspecified</pose>
		<truncated>1</truncated>
		<difficult>0</difficult>
		<bndbox>
			<xmin>1842</xmin>
			<ymin>639</ymin>
			<xmax>2040</xmax>
			<ymax>749</ymax>
		</bndbox>
	</object>
	<object>
		<name>crack</name>
		<pose>Unspecified</pose>
		<truncated>1</truncated>
		<difficult>0</difficult>
		<bndbox>
			<xmin>1846</xmin>
			<ymin>375</ymin>
			<xmax>2040</xmax>
			<ymax>595</ymax>
		</bndbox>
	</object>
	<object>
		<name>crack</name>
		<pose>Unspecified</pose>
		<truncated>1</truncated>
		<difficult>0</difficult>
		<bndbox>
			<xmin>1365</xmin>
			<ymin>1</ymin>
			<xmax>1721</xmax>
			<ymax>428</ymax>
		</bndbox>
	</object>
	<object>
		<name>crack</name>
		<pose>Unspecified</pose>
		<truncated>0</truncated>
		<difficult>0</difficult>
		<bndbox>
			<xmin>860</xmin>
			<ymin>179</ymin>
			<xmax>1563</xmax>
			<ymax>493</ymax>
		</bndbox>
	</object>
	<object>
		<name>crack</name>
		<pose>Unspecified</pose>
		<truncated>1</truncated>
		<difficult>0</difficult>
		<bndbox>
			<xmin>1753</xmin>
			<ymin>1</ymin>
			<xmax>1960</xmax>
			<ymax>269</ymax>
		</bndbox>
	</object>
	<object>
		<name>crack</name>
		<pose>Unspecified</pose>
		<truncated>0</truncated>
		<difficult>0</difficult>
		<bndbox>
			<xmin>1088</xmin>
			<ymin>748</ymin>
			<xmax>1294</xmax>
			<ymax>1111</ymax>
		</bndbox>
	</object>
</annotation>
