<annotation>
	<folder>Examples cracks</folder>
	<filename>201508025_LIMI_005412.jpg</filename>
	<path>/Users/ducnguyen/Downloads/Examples cracks/201508025_LIMI_005412.jpg</path>
	<source>
		<database>Unknown</database>
	</source>
	<size>
		<width>2040</width>
		<height>1536</height>
		<depth>1</depth>
	</size>
	<segmented>0</segmented>
	<object>
		<name>crack</name>
		<pose>Unspecified</pose>
		<truncated>0</truncated>
		<difficult>0</difficult>
		<bndbox>
			<xmin>804</xmin>
			<ymin>765</ymin>
			<xmax>1004</xmax>
			<ymax>1535</ymax>
		</bndbox>
	</object>
	<object>
		<name>crack</name>
		<pose>Unspecified</pose>
		<truncated>1</truncated>
		<difficult>0</difficult>
		<bndbox>
			<xmin>952</xmin>
			<ymin>1</ymin>
			<xmax>1127</xmax>
			<ymax>977</ymax>
		</bndbox>
	</object>
</annotation>
