<annotation>
	<folder>Examples cracks</folder>
	<filename>201502010_LIMI_000644.jpg</filename>
	<path>/Users/ducnguyen/Downloads/Examples cracks/201502010_LIMI_000644.jpg</path>
	<source>
		<database>Unknown</database>
	</source>
	<size>
		<width>2040</width>
		<height>1536</height>
		<depth>1</depth>
	</size>
	<segmented>0</segmented>
	<object>
		<name>crack</name>
		<pose>Unspecified</pose>
		<truncated>0</truncated>
		<difficult>0</difficult>
		<bndbox>
			<xmin>214</xmin>
			<ymin>535</ymin>
			<xmax>1066</xmax>
			<ymax>853</ymax>
		</bndbox>
	</object>
	<object>
		<name>crack</name>
		<pose>Unspecified</pose>
		<truncated>0</truncated>
		<difficult>0</difficult>
		<bndbox>
			<xmin>988</xmin>
			<ymin>915</ymin>
			<xmax>1304</xmax>
			<ymax>1155</ymax>
		</bndbox>
	</object>
	<object>
		<name>crack</name>
		<pose>Unspecified</pose>
		<truncated>0</truncated>
		<difficult>0</difficult>
		<bndbox>
			<xmin>1472</xmin>
			<ymin>969</ymin>
			<xmax>1636</xmax>
			<ymax>1023</ymax>
		</bndbox>
	</object>
	<object>
		<name>crack</name>
		<pose>Unspecified</pose>
		<truncated>1</truncated>
		<difficult>0</difficult>
		<bndbox>
			<xmin>1680</xmin>
			<ymin>909</ymin>
			<xmax>2040</xmax>
			<ymax>1177</ymax>
		</bndbox>
	</object>
</annotation>
