<annotation>
	<folder>Examples cracks</folder>
	<filename>201511027_LIMI_005827.jpg</filename>
	<path>/home/alex/git/hackatum-allianz/data/allianz-data-bbox/Examples cracks/201511027_LIMI_005827.jpg</path>
	<source>
		<database>Unknown</database>
	</source>
	<size>
		<width>2040</width>
		<height>1536</height>
		<depth>1</depth>
	</size>
	<segmented>0</segmented>
	<object>
		<name>crack</name>
		<pose>Unspecified</pose>
		<truncated>0</truncated>
		<difficult>0</difficult>
		<bndbox>
			<xmin>22</xmin>
			<ymin>159</ymin>
			<xmax>656</xmax>
			<ymax>650</ymax>
		</bndbox>
	</object>
	<object>
		<name>crack</name>
		<pose>Unspecified</pose>
		<truncated>0</truncated>
		<difficult>0</difficult>
		<bndbox>
			<xmin>646</xmin>
			<ymin>685</ymin>
			<xmax>1021</xmax>
			<ymax>1341</ymax>
		</bndbox>
	</object>
	<object>
		<name>crack</name>
		<pose>Unspecified</pose>
		<truncated>0</truncated>
		<difficult>0</difficult>
		<bndbox>
			<xmin>50</xmin>
			<ymin>915</ymin>
			<xmax>415</xmax>
			<ymax>1245</ymax>
		</bndbox>
	</object>
	<object>
		<name>crack</name>
		<pose>Unspecified</pose>
		<truncated>0</truncated>
		<difficult>0</difficult>
		<bndbox>
			<xmin>66</xmin>
			<ymin>598</ymin>
			<xmax>389</xmax>
			<ymax>925</ymax>
		</bndbox>
	</object>
	<object>
		<name>crack</name>
		<pose>Unspecified</pose>
		<truncated>0</truncated>
		<difficult>0</difficult>
		<bndbox>
			<xmin>1481</xmin>
			<ymin>659</ymin>
			<xmax>1807</xmax>
			<ymax>1241</ymax>
		</bndbox>
	</object>
	<object>
		<name>crack</name>
		<pose>Unspecified</pose>
		<truncated>1</truncated>
		<difficult>0</difficult>
		<bndbox>
			<xmin>1046</xmin>
			<ymin>1</ymin>
			<xmax>1408</xmax>
			<ymax>662</ymax>
		</bndbox>
	</object>
	<object>
		<name>crack</name>
		<pose>Unspecified</pose>
		<truncated>0</truncated>
		<difficult>0</difficult>
		<bndbox>
			<xmin>719</xmin>
			<ymin>11</ymin>
			<xmax>892</xmax>
			<ymax>657</ymax>
		</bndbox>
	</object>
</annotation>
