<annotation>
	<folder>Examples cracks</folder>
	<filename>201504015_LIMI_001664.jpg</filename>
	<path>/Users/ducnguyen/Downloads/Examples cracks/201504015_LIMI_001664.jpg</path>
	<source>
		<database>Unknown</database>
	</source>
	<size>
		<width>2040</width>
		<height>1536</height>
		<depth>1</depth>
	</size>
	<segmented>0</segmented>
	<object>
		<name>crack</name>
		<pose>Unspecified</pose>
		<truncated>0</truncated>
		<difficult>0</difficult>
		<bndbox>
			<xmin>1432</xmin>
			<ymin>1149</ymin>
			<xmax>1642</xmax>
			<ymax>1307</ymax>
		</bndbox>
	</object>
	<object>
		<name>crack</name>
		<pose>Unspecified</pose>
		<truncated>0</truncated>
		<difficult>0</difficult>
		<bndbox>
			<xmin>860</xmin>
			<ymin>3</ymin>
			<xmax>902</xmax>
			<ymax>87</ymax>
		</bndbox>
	</object>
</annotation>
