<annotation>
	<folder>Examples cracks</folder>
	<filename>201506003_LIMI_002559.jpg</filename>
	<path>/Users/ducnguyen/Downloads/Examples cracks/201506003_LIMI_002559.jpg</path>
	<source>
		<database>Unknown</database>
	</source>
	<size>
		<width>2040</width>
		<height>1536</height>
		<depth>3</depth>
	</size>
	<segmented>0</segmented>
	<object>
		<name>crack</name>
		<pose>Unspecified</pose>
		<truncated>0</truncated>
		<difficult>0</difficult>
		<bndbox>
			<xmin>732</xmin>
			<ymin>803</ymin>
			<xmax>1794</xmax>
			<ymax>1181</ymax>
		</bndbox>
	</object>
	<object>
		<name>crack</name>
		<pose>Unspecified</pose>
		<truncated>0</truncated>
		<difficult>0</difficult>
		<bndbox>
			<xmin>570</xmin>
			<ymin>85</ymin>
			<xmax>772</xmax>
			<ymax>207</ymax>
		</bndbox>
	</object>
</annotation>
