<annotation>
	<folder>Examples cracks</folder>
	<filename>201507015_LIMI_007904.jpg</filename>
	<path>/Users/ducnguyen/Downloads/Examples cracks/201507015_LIMI_007904.jpg</path>
	<source>
		<database>Unknown</database>
	</source>
	<size>
		<width>2040</width>
		<height>1536</height>
		<depth>1</depth>
	</size>
	<segmented>0</segmented>
	<object>
		<name>crack</name>
		<pose>Unspecified</pose>
		<truncated>0</truncated>
		<difficult>0</difficult>
		<bndbox>
			<xmin>264</xmin>
			<ymin>753</ymin>
			<xmax>1414</xmax>
			<ymax>1049</ymax>
		</bndbox>
	</object>
	<object>
		<name>crack</name>
		<pose>Unspecified</pose>
		<truncated>0</truncated>
		<difficult>0</difficult>
		<bndbox>
			<xmin>1430</xmin>
			<ymin>721</ymin>
			<xmax>1568</xmax>
			<ymax>831</ymax>
		</bndbox>
	</object>
	<object>
		<name>crack</name>
		<pose>Unspecified</pose>
		<truncated>0</truncated>
		<difficult>0</difficult>
		<bndbox>
			<xmin>1678</xmin>
			<ymin>463</ymin>
			<xmax>1782</xmax>
			<ymax>635</ymax>
		</bndbox>
	</object>
	<object>
		<name>crack</name>
		<pose>Unspecified</pose>
		<truncated>0</truncated>
		<difficult>0</difficult>
		<bndbox>
			<xmin>1482</xmin>
			<ymin>959</ymin>
			<xmax>1562</xmax>
			<ymax>1159</ymax>
		</bndbox>
	</object>
</annotation>
