<annotation>
	<folder>Examples cracks</folder>
	<filename>201507015_LIMI_007840.jpg</filename>
	<path>/Users/ducnguyen/Downloads/Examples cracks/201507015_LIMI_007840.jpg</path>
	<source>
		<database>Unknown</database>
	</source>
	<size>
		<width>2040</width>
		<height>1536</height>
		<depth>3</depth>
	</size>
	<segmented>0</segmented>
	<object>
		<name>crack</name>
		<pose>Unspecified</pose>
		<truncated>0</truncated>
		<difficult>0</difficult>
		<bndbox>
			<xmin>768</xmin>
			<ymin>19</ymin>
			<xmax>836</xmax>
			<ymax>73</ymax>
		</bndbox>
	</object>
	<object>
		<name>crack</name>
		<pose>Unspecified</pose>
		<truncated>0</truncated>
		<difficult>0</difficult>
		<bndbox>
			<xmin>1242</xmin>
			<ymin>1305</ymin>
			<xmax>1346</xmax>
			<ymax>1473</ymax>
		</bndbox>
	</object>
</annotation>
