<annotation>
	<folder>Examples cracks</folder>
	<filename>201508030_REM_003763.jpg</filename>
	<path>/Users/ducnguyen/Downloads/Examples cracks/201508030_REM_003763.jpg</path>
	<source>
		<database>Unknown</database>
	</source>
	<size>
		<width>2560</width>
		<height>1920</height>
		<depth>1</depth>
	</size>
	<segmented>0</segmented>
	<object>
		<name>crack</name>
		<pose>Unspecified</pose>
		<truncated>0</truncated>
		<difficult>0</difficult>
		<bndbox>
			<xmin>1157</xmin>
			<ymin>171</ymin>
			<xmax>1447</xmax>
			<ymax>1889</ymax>
		</bndbox>
	</object>
</annotation>
