<annotation>
	<folder>Examples cracks</folder>
	<filename>201504011_LIMI_002192.jpg</filename>
	<path>/Users/ducnguyen/Downloads/Examples cracks/201504011_LIMI_002192.jpg</path>
	<source>
		<database>Unknown</database>
	</source>
	<size>
		<width>2040</width>
		<height>1536</height>
		<depth>1</depth>
	</size>
	<segmented>0</segmented>
	<object>
		<name>crack</name>
		<pose>Unspecified</pose>
		<truncated>0</truncated>
		<difficult>0</difficult>
		<bndbox>
			<xmin>252</xmin>
			<ymin>395</ymin>
			<xmax>310</xmax>
			<ymax>561</ymax>
		</bndbox>
	</object>
	<object>
		<name>crack</name>
		<pose>Unspecified</pose>
		<truncated>0</truncated>
		<difficult>0</difficult>
		<bndbox>
			<xmin>1614</xmin>
			<ymin>229</ymin>
			<xmax>1724</xmax>
			<ymax>453</ymax>
		</bndbox>
	</object>
</annotation>
