<annotation>
	<folder>Examples cracks</folder>
	<filename>201502010_LIMI_000642.jpg</filename>
	<path>/Users/ducnguyen/Downloads/Examples cracks/201502010_LIMI_000642.jpg</path>
	<source>
		<database>Unknown</database>
	</source>
	<size>
		<width>2040</width>
		<height>1536</height>
		<depth>1</depth>
	</size>
	<segmented>0</segmented>
	<object>
		<name>crack</name>
		<pose>Unspecified</pose>
		<truncated>0</truncated>
		<difficult>0</difficult>
		<bndbox>
			<xmin>2</xmin>
			<ymin>105</ymin>
			<xmax>1544</xmax>
			<ymax>1467</ymax>
		</bndbox>
	</object>
	<object>
		<name>crack</name>
		<pose>Unspecified</pose>
		<truncated>0</truncated>
		<difficult>0</difficult>
		<bndbox>
			<xmin>1624</xmin>
			<ymin>1369</ymin>
			<xmax>1940</xmax>
			<ymax>1457</ymax>
		</bndbox>
	</object>
</annotation>
