<annotation>
	<folder>Examples cracks</folder>
	<filename>201502010_LIMI_000643.jpg</filename>
	<path>/Users/ducnguyen/Downloads/Examples cracks/201502010_LIMI_000643.jpg</path>
	<source>
		<database>Unknown</database>
	</source>
	<size>
		<width>2040</width>
		<height>1536</height>
		<depth>1</depth>
	</size>
	<segmented>0</segmented>
	<object>
		<name>crack</name>
		<pose>Unspecified</pose>
		<truncated>0</truncated>
		<difficult>0</difficult>
		<bndbox>
			<xmin>92</xmin>
			<ymin>233</ymin>
			<xmax>662</xmax>
			<ymax>475</ymax>
		</bndbox>
	</object>
	<object>
		<name>crack</name>
		<pose>Unspecified</pose>
		<truncated>0</truncated>
		<difficult>0</difficult>
		<bndbox>
			<xmin>704</xmin>
			<ymin>437</ymin>
			<xmax>1042</xmax>
			<ymax>723</ymax>
		</bndbox>
	</object>
	<object>
		<name>crack</name>
		<pose>Unspecified</pose>
		<truncated>0</truncated>
		<difficult>0</difficult>
		<bndbox>
			<xmin>1056</xmin>
			<ymin>713</ymin>
			<xmax>1238</xmax>
			<ymax>901</ymax>
		</bndbox>
	</object>
	<object>
		<name>crack</name>
		<pose>Unspecified</pose>
		<truncated>0</truncated>
		<difficult>0</difficult>
		<bndbox>
			<xmin>1142</xmin>
			<ymin>889</ymin>
			<xmax>1818</xmax>
			<ymax>1303</ymax>
		</bndbox>
	</object>
	<object>
		<name>crack</name>
		<pose>Unspecified</pose>
		<truncated>1</truncated>
		<difficult>0</difficult>
		<bndbox>
			<xmin>1834</xmin>
			<ymin>1259</ymin>
			<xmax>2040</xmax>
			<ymax>1355</ymax>
		</bndbox>
	</object>
</annotation>
