<annotation>
	<folder>Examples cracks</folder>
	<filename>201508025_LIMI_005424.jpg</filename>
	<path>/Users/ducnguyen/Downloads/Examples cracks/201508025_LIMI_005424.jpg</path>
	<source>
		<database>Unknown</database>
	</source>
	<size>
		<width>2040</width>
		<height>1536</height>
		<depth>1</depth>
	</size>
	<segmented>0</segmented>
	<object>
		<name>crack</name>
		<pose>Unspecified</pose>
		<truncated>1</truncated>
		<difficult>0</difficult>
		<bndbox>
			<xmin>650</xmin>
			<ymin>1</ymin>
			<xmax>934</xmax>
			<ymax>1369</ymax>
		</bndbox>
	</object>
	<object>
		<name>crack</name>
		<pose>Unspecified</pose>
		<truncated>0</truncated>
		<difficult>0</difficult>
		<bndbox>
			<xmin>1044</xmin>
			<ymin>303</ymin>
			<xmax>1216</xmax>
			<ymax>1373</ymax>
		</bndbox>
	</object>
</annotation>
