<annotation>
	<folder>Examples cracks</folder>
	<filename>201506006_LIMI_003051.jpg</filename>
	<path>/Users/ducnguyen/Downloads/Examples cracks/201506006_LIMI_003051.jpg</path>
	<source>
		<database>Unknown</database>
	</source>
	<size>
		<width>2040</width>
		<height>1536</height>
		<depth>1</depth>
	</size>
	<segmented>0</segmented>
	<object>
		<name>crack</name>
		<pose>Unspecified</pose>
		<truncated>0</truncated>
		<difficult>0</difficult>
		<bndbox>
			<xmin>374</xmin>
			<ymin>271</ymin>
			<xmax>1332</xmax>
			<ymax>913</ymax>
		</bndbox>
	</object>
	<object>
		<name>crack</name>
		<pose>Unspecified</pose>
		<truncated>0</truncated>
		<difficult>0</difficult>
		<bndbox>
			<xmin>1304</xmin>
			<ymin>915</ymin>
			<xmax>1872</xmax>
			<ymax>1273</ymax>
		</bndbox>
	</object>
</annotation>
