<annotation>
	<folder>Examples cracks</folder>
	<filename>201503012_LIMI_000826.jpg</filename>
	<path>/Users/ducnguyen/Downloads/Examples cracks/201503012_LIMI_000826.jpg</path>
	<source>
		<database>Unknown</database>
	</source>
	<size>
		<width>2040</width>
		<height>1536</height>
		<depth>1</depth>
	</size>
	<segmented>0</segmented>
	<object>
		<name>crack</name>
		<pose>Unspecified</pose>
		<truncated>0</truncated>
		<difficult>0</difficult>
		<bndbox>
			<xmin>772</xmin>
			<ymin>1163</ymin>
			<xmax>874</xmax>
			<ymax>1429</ymax>
		</bndbox>
	</object>
	<object>
		<name>crack</name>
		<pose>Unspecified</pose>
		<truncated>0</truncated>
		<difficult>0</difficult>
		<bndbox>
			<xmin>604</xmin>
			<ymin>141</ymin>
			<xmax>1660</xmax>
			<ymax>1301</ymax>
		</bndbox>
	</object>
</annotation>
