<annotation>
	<folder>Examples cracks</folder>
	<filename>201502010_LIMI_000649.jpg</filename>
	<path>/Users/ducnguyen/Downloads/Examples cracks/201502010_LIMI_000649.jpg</path>
	<source>
		<database>Unknown</database>
	</source>
	<size>
		<width>2040</width>
		<height>1536</height>
		<depth>1</depth>
	</size>
	<segmented>0</segmented>
	<object>
		<name>crack</name>
		<pose>Unspecified</pose>
		<truncated>0</truncated>
		<difficult>0</difficult>
		<bndbox>
			<xmin>484</xmin>
			<ymin>5</ymin>
			<xmax>840</xmax>
			<ymax>99</ymax>
		</bndbox>
	</object>
	<object>
		<name>crack</name>
		<pose>Unspecified</pose>
		<truncated>0</truncated>
		<difficult>0</difficult>
		<bndbox>
			<xmin>774</xmin>
			<ymin>101</ymin>
			<xmax>1016</xmax>
			<ymax>301</ymax>
		</bndbox>
	</object>
	<object>
		<name>crack</name>
		<pose>Unspecified</pose>
		<truncated>0</truncated>
		<difficult>0</difficult>
		<bndbox>
			<xmin>960</xmin>
			<ymin>311</ymin>
			<xmax>1160</xmax>
			<ymax>527</ymax>
		</bndbox>
	</object>
	<object>
		<name>crack</name>
		<pose>Unspecified</pose>
		<truncated>0</truncated>
		<difficult>0</difficult>
		<bndbox>
			<xmin>976</xmin>
			<ymin>527</ymin>
			<xmax>1160</xmax>
			<ymax>933</ymax>
		</bndbox>
	</object>
	<object>
		<name>crack</name>
		<pose>Unspecified</pose>
		<truncated>1</truncated>
		<difficult>0</difficult>
		<bndbox>
			<xmin>872</xmin>
			<ymin>933</ymin>
			<xmax>2024</xmax>
			<ymax>1536</ymax>
		</bndbox>
	</object>
</annotation>
