<annotation>
	<folder>Examples cracks</folder>
	<filename>201506009_LIMI_007979.jpg</filename>
	<path>/Users/ducnguyen/Downloads/Examples cracks/201506009_LIMI_007979.jpg</path>
	<source>
		<database>Unknown</database>
	</source>
	<size>
		<width>2040</width>
		<height>1536</height>
		<depth>3</depth>
	</size>
	<segmented>0</segmented>
	<object>
		<name>crack</name>
		<pose>Unspecified</pose>
		<truncated>0</truncated>
		<difficult>0</difficult>
		<bndbox>
			<xmin>126</xmin>
			<ymin>161</ymin>
			<xmax>1708</xmax>
			<ymax>1529</ymax>
		</bndbox>
	</object>
</annotation>
