<annotation>
	<folder>Examples cracks</folder>
	<filename>201501015_LIMI_001726.jpg</filename>
	<path>/Users/ducnguyen/Downloads/Examples cracks/201501015_LIMI_001726.jpg</path>
	<source>
		<database>Unknown</database>
	</source>
	<size>
		<width>2040</width>
		<height>1536</height>
		<depth>1</depth>
	</size>
	<segmented>0</segmented>
	<object>
		<name>crack</name>
		<pose>Unspecified</pose>
		<truncated>0</truncated>
		<difficult>0</difficult>
		<bndbox>
			<xmin>100</xmin>
			<ymin>139</ymin>
			<xmax>242</xmax>
			<ymax>457</ymax>
		</bndbox>
	</object>
	<object>
		<name>crack</name>
		<pose>Unspecified</pose>
		<truncated>0</truncated>
		<difficult>0</difficult>
		<bndbox>
			<xmin>528</xmin>
			<ymin>205</ymin>
			<xmax>612</xmax>
			<ymax>409</ymax>
		</bndbox>
	</object>
	<object>
		<name>crack</name>
		<pose>Unspecified</pose>
		<truncated>0</truncated>
		<difficult>0</difficult>
		<bndbox>
			<xmin>1854</xmin>
			<ymin>321</ymin>
			<xmax>1920</xmax>
			<ymax>455</ymax>
		</bndbox>
	</object>
	<object>
		<name>crack</name>
		<pose>Unspecified</pose>
		<truncated>0</truncated>
		<difficult>0</difficult>
		<bndbox>
			<xmin>1174</xmin>
			<ymin>165</ymin>
			<xmax>1356</xmax>
			<ymax>299</ymax>
		</bndbox>
	</object>
</annotation>
