<annotation>
	<folder>Examples cracks</folder>
	<filename>201508025_LIMI_005421.jpg</filename>
	<path>/Users/ducnguyen/Downloads/Examples cracks/201508025_LIMI_005421.jpg</path>
	<source>
		<database>Unknown</database>
	</source>
	<size>
		<width>2040</width>
		<height>1536</height>
		<depth>1</depth>
	</size>
	<segmented>0</segmented>
	<object>
		<name>crack</name>
		<pose>Unspecified</pose>
		<truncated>0</truncated>
		<difficult>0</difficult>
		<bndbox>
			<xmin>278</xmin>
			<ymin>599</ymin>
			<xmax>440</xmax>
			<ymax>1139</ymax>
		</bndbox>
	</object>
	<object>
		<name>crack</name>
		<pose>Unspecified</pose>
		<truncated>0</truncated>
		<difficult>0</difficult>
		<bndbox>
			<xmin>538</xmin>
			<ymin>831</ymin>
			<xmax>716</xmax>
			<ymax>1281</ymax>
		</bndbox>
	</object>
	<object>
		<name>crack</name>
		<pose>Unspecified</pose>
		<truncated>0</truncated>
		<difficult>0</difficult>
		<bndbox>
			<xmin>826</xmin>
			<ymin>861</ymin>
			<xmax>920</xmax>
			<ymax>1283</ymax>
		</bndbox>
	</object>
	<object>
		<name>crack</name>
		<pose>Unspecified</pose>
		<truncated>0</truncated>
		<difficult>0</difficult>
		<bndbox>
			<xmin>924</xmin>
			<ymin>491</ymin>
			<xmax>1074</xmax>
			<ymax>1153</ymax>
		</bndbox>
	</object>
	<object>
		<name>crack</name>
		<pose>Unspecified</pose>
		<truncated>0</truncated>
		<difficult>0</difficult>
		<bndbox>
			<xmin>1328</xmin>
			<ymin>467</ymin>
			<xmax>1530</xmax>
			<ymax>1275</ymax>
		</bndbox>
	</object>
</annotation>
