<annotation>
	<folder>Examples cracks</folder>
	<filename>201503012_LIMI_000835.jpg</filename>
	<path>/Users/ducnguyen/Downloads/Examples cracks/201503012_LIMI_000835.jpg</path>
	<source>
		<database>Unknown</database>
	</source>
	<size>
		<width>2040</width>
		<height>1536</height>
		<depth>1</depth>
	</size>
	<segmented>0</segmented>
	<object>
		<name>crack</name>
		<pose>Unspecified</pose>
		<truncated>0</truncated>
		<difficult>0</difficult>
		<bndbox>
			<xmin>506</xmin>
			<ymin>3</ymin>
			<xmax>1248</xmax>
			<ymax>855</ymax>
		</bndbox>
	</object>
	<object>
		<name>crack</name>
		<pose>Unspecified</pose>
		<truncated>0</truncated>
		<difficult>0</difficult>
		<bndbox>
			<xmin>1184</xmin>
			<ymin>309</ymin>
			<xmax>1396</xmax>
			<ymax>1467</ymax>
		</bndbox>
	</object>
</annotation>
