<annotation>
	<folder>Examples cracks</folder>
	<filename>201508025_LIMI_005413.jpg</filename>
	<path>/Users/ducnguyen/Downloads/Examples cracks/201508025_LIMI_005413.jpg</path>
	<source>
		<database>Unknown</database>
	</source>
	<size>
		<width>2040</width>
		<height>1536</height>
		<depth>1</depth>
	</size>
	<segmented>0</segmented>
	<object>
		<name>crack</name>
		<pose>Unspecified</pose>
		<truncated>0</truncated>
		<difficult>0</difficult>
		<bndbox>
			<xmin>484</xmin>
			<ymin>669</ymin>
			<xmax>962</xmax>
			<ymax>1533</ymax>
		</bndbox>
	</object>
	<object>
		<name>crack</name>
		<pose>Unspecified</pose>
		<truncated>1</truncated>
		<difficult>0</difficult>
		<bndbox>
			<xmin>902</xmin>
			<ymin>5</ymin>
			<xmax>1340</xmax>
			<ymax>1536</ymax>
		</bndbox>
	</object>
</annotation>
