<annotation>
	<folder>Examples cracks</folder>
	<filename>201507018_LIMI_008055.jpg</filename>
	<path>/Users/ducnguyen/Downloads/Examples cracks/201507018_LIMI_008055.jpg</path>
	<source>
		<database>Unknown</database>
	</source>
	<size>
		<width>2040</width>
		<height>1536</height>
		<depth>1</depth>
	</size>
	<segmented>0</segmented>
	<object>
		<name>crack</name>
		<pose>Unspecified</pose>
		<truncated>0</truncated>
		<difficult>0</difficult>
		<bndbox>
			<xmin>8</xmin>
			<ymin>527</ymin>
			<xmax>1034</xmax>
			<ymax>595</ymax>
		</bndbox>
	</object>
	<object>
		<name>crack</name>
		<pose>Unspecified</pose>
		<truncated>0</truncated>
		<difficult>0</difficult>
		<bndbox>
			<xmin>1228</xmin>
			<ymin>369</ymin>
			<xmax>2030</xmax>
			<ymax>435</ymax>
		</bndbox>
	</object>
	<object>
		<name>crack</name>
		<pose>Unspecified</pose>
		<truncated>0</truncated>
		<difficult>0</difficult>
		<bndbox>
			<xmin>944</xmin>
			<ymin>181</ymin>
			<xmax>1232</xmax>
			<ymax>389</ymax>
		</bndbox>
	</object>
	<object>
		<name>crack</name>
		<pose>Unspecified</pose>
		<truncated>0</truncated>
		<difficult>0</difficult>
		<bndbox>
			<xmin>828</xmin>
			<ymin>415</ymin>
			<xmax>1232</xmax>
			<ymax>515</ymax>
		</bndbox>
	</object>
</annotation>
