<annotation>
	<folder>Examples cracks</folder>
	<filename>201502015_LIMI_001987.jpg</filename>
	<path>/Users/ducnguyen/Downloads/Examples cracks/201502015_LIMI_001987.jpg</path>
	<source>
		<database>Unknown</database>
	</source>
	<size>
		<width>2040</width>
		<height>1536</height>
		<depth>1</depth>
	</size>
	<segmented>0</segmented>
	<object>
		<name>crack</name>
		<pose>Unspecified</pose>
		<truncated>0</truncated>
		<difficult>0</difficult>
		<bndbox>
			<xmin>812</xmin>
			<ymin>381</ymin>
			<xmax>1102</xmax>
			<ymax>1535</ymax>
		</bndbox>
	</object>
	<object>
		<name>crack</name>
		<pose>Unspecified</pose>
		<truncated>1</truncated>
		<difficult>0</difficult>
		<bndbox>
			<xmin>856</xmin>
			<ymin>1</ymin>
			<xmax>950</xmax>
			<ymax>301</ymax>
		</bndbox>
	</object>
</annotation>
