<annotation>
	<folder>Examples cracks</folder>
	<filename>201507015_LIMI_007831.jpg</filename>
	<path>/Users/ducnguyen/Downloads/Examples cracks/201507015_LIMI_007831.jpg</path>
	<source>
		<database>Unknown</database>
	</source>
	<size>
		<width>2040</width>
		<height>1536</height>
		<depth>1</depth>
	</size>
	<segmented>0</segmented>
	<object>
		<name>crack</name>
		<pose>Unspecified</pose>
		<truncated>1</truncated>
		<difficult>0</difficult>
		<bndbox>
			<xmin>1004</xmin>
			<ymin>1</ymin>
			<xmax>1154</xmax>
			<ymax>501</ymax>
		</bndbox>
	</object>
	<object>
		<name>crack</name>
		<pose>Unspecified</pose>
		<truncated>0</truncated>
		<difficult>0</difficult>
		<bndbox>
			<xmin>1358</xmin>
			<ymin>411</ymin>
			<xmax>1412</xmax>
			<ymax>541</ymax>
		</bndbox>
	</object>
	<object>
		<name>crack</name>
		<pose>Unspecified</pose>
		<truncated>0</truncated>
		<difficult>0</difficult>
		<bndbox>
			<xmin>1202</xmin>
			<ymin>975</ymin>
			<xmax>1318</xmax>
			<ymax>1435</ymax>
		</bndbox>
	</object>
	<object>
		<name>crack</name>
		<pose>Unspecified</pose>
		<truncated>1</truncated>
		<difficult>0</difficult>
		<bndbox>
			<xmin>526</xmin>
			<ymin>1087</ymin>
			<xmax>675</xmax>
			<ymax>1536</ymax>
		</bndbox>
	</object>
	<object>
		<name>crack</name>
		<pose>Unspecified</pose>
		<truncated>0</truncated>
		<difficult>0</difficult>
		<bndbox>
			<xmin>734</xmin>
			<ymin>1441</ymin>
			<xmax>790</xmax>
			<ymax>1493</ymax>
		</bndbox>
	</object>
</annotation>
