<annotation>
	<folder>Examples cracks</folder>
	<filename>201511023_LIMI_007097.jpg</filename>
	<path>/home/alex/git/hackatum-allianz/data/allianz-data-bbox/Examples cracks/201511023_LIMI_007097.jpg</path>
	<source>
		<database>Unknown</database>
	</source>
	<size>
		<width>2040</width>
		<height>1536</height>
		<depth>1</depth>
	</size>
	<segmented>0</segmented>
	<object>
		<name>crack</name>
		<pose>Unspecified</pose>
		<truncated>0</truncated>
		<difficult>0</difficult>
		<bndbox>
			<xmin>14</xmin>
			<ymin>114</ymin>
			<xmax>925</xmax>
			<ymax>1293</ymax>
		</bndbox>
	</object>
	<object>
		<name>crack</name>
		<pose>Unspecified</pose>
		<truncated>0</truncated>
		<difficult>0</difficult>
		<bndbox>
			<xmin>537</xmin>
			<ymin>46</ymin>
			<xmax>1380</xmax>
			<ymax>1136</ymax>
		</bndbox>
	</object>
	<object>
		<name>crack</name>
		<pose>Unspecified</pose>
		<truncated>1</truncated>
		<difficult>0</difficult>
		<bndbox>
			<xmin>1580</xmin>
			<ymin>5</ymin>
			<xmax>2040</xmax>
			<ymax>916</ymax>
		</bndbox>
	</object>
</annotation>
