<annotation>
	<folder>Examples cracks</folder>
	<filename>201511027_LIMI_005825.jpg</filename>
	<path>/home/alex/git/hackatum-allianz/data/allianz-data-bbox/Examples cracks/201511027_LIMI_005825.jpg</path>
	<source>
		<database>Unknown</database>
	</source>
	<size>
		<width>2040</width>
		<height>1536</height>
		<depth>1</depth>
	</size>
	<segmented>0</segmented>
	<object>
		<name>crack</name>
		<pose>Unspecified</pose>
		<truncated>1</truncated>
		<difficult>0</difficult>
		<bndbox>
			<xmin>818</xmin>
			<ymin>924</ymin>
			<xmax>1172</xmax>
			<ymax>1536</ymax>
		</bndbox>
	</object>
	<object>
		<name>crack</name>
		<pose>Unspecified</pose>
		<truncated>1</truncated>
		<difficult>0</difficult>
		<bndbox>
			<xmin>1260</xmin>
			<ymin>510</ymin>
			<xmax>2040</xmax>
			<ymax>1425</ymax>
		</bndbox>
	</object>
	<object>
		<name>crack</name>
		<pose>Unspecified</pose>
		<truncated>0</truncated>
		<difficult>0</difficult>
		<bndbox>
			<xmin>828</xmin>
			<ymin>217</ymin>
			<xmax>1126</xmax>
			<ymax>921</ymax>
		</bndbox>
	</object>
	<object>
		<name>crack</name>
		<pose>Unspecified</pose>
		<truncated>0</truncated>
		<difficult>0</difficult>
		<bndbox>
			<xmin>1290</xmin>
			<ymin>108</ymin>
			<xmax>1760</xmax>
			<ymax>497</ymax>
		</bndbox>
	</object>
	<object>
		<name>crack</name>
		<pose>Unspecified</pose>
		<truncated>0</truncated>
		<difficult>0</difficult>
		<bndbox>
			<xmin>326</xmin>
			<ymin>352</ymin>
			<xmax>626</xmax>
			<ymax>932</ymax>
		</bndbox>
	</object>
	<object>
		<name>crack</name>
		<pose>Unspecified</pose>
		<truncated>1</truncated>
		<difficult>0</difficult>
		<bndbox>
			<xmin>1</xmin>
			<ymin>827</ymin>
			<xmax>305</xmax>
			<ymax>941</ymax>
		</bndbox>
	</object>
</annotation>
