<annotation>
	<folder>Examples cracks</folder>
	<filename>201507015_LIMI_007835.jpg</filename>
	<path>/Users/ducnguyen/Downloads/Examples cracks/201507015_LIMI_007835.jpg</path>
	<source>
		<database>Unknown</database>
	</source>
	<size>
		<width>2040</width>
		<height>1536</height>
		<depth>3</depth>
	</size>
	<segmented>0</segmented>
	<object>
		<name>crack</name>
		<pose>Unspecified</pose>
		<truncated>0</truncated>
		<difficult>0</difficult>
		<bndbox>
			<xmin>422</xmin>
			<ymin>463</ymin>
			<xmax>554</xmax>
			<ymax>565</ymax>
		</bndbox>
	</object>
	<object>
		<name>crack</name>
		<pose>Unspecified</pose>
		<truncated>0</truncated>
		<difficult>0</difficult>
		<bndbox>
			<xmin>648</xmin>
			<ymin>527</ymin>
			<xmax>786</xmax>
			<ymax>719</ymax>
		</bndbox>
	</object>
	<object>
		<name>crack</name>
		<pose>Unspecified</pose>
		<truncated>0</truncated>
		<difficult>0</difficult>
		<bndbox>
			<xmin>746</xmin>
			<ymin>821</ymin>
			<xmax>1254</xmax>
			<ymax>1037</ymax>
		</bndbox>
	</object>
	<object>
		<name>crack</name>
		<pose>Unspecified</pose>
		<truncated>0</truncated>
		<difficult>0</difficult>
		<bndbox>
			<xmin>1428</xmin>
			<ymin>1029</ymin>
			<xmax>1574</xmax>
			<ymax>1369</ymax>
		</bndbox>
	</object>
</annotation>
