<annotation>
	<folder>Examples cracks</folder>
	<filename>201502015_LIMI_001988.jpg</filename>
	<path>/Users/ducnguyen/Downloads/Examples cracks/201502015_LIMI_001988.jpg</path>
	<source>
		<database>Unknown</database>
	</source>
	<size>
		<width>2040</width>
		<height>1536</height>
		<depth>1</depth>
	</size>
	<segmented>0</segmented>
	<object>
		<name>crack</name>
		<pose>Unspecified</pose>
		<truncated>1</truncated>
		<difficult>0</difficult>
		<bndbox>
			<xmin>848</xmin>
			<ymin>1</ymin>
			<xmax>1199</xmax>
			<ymax>1373</ymax>
		</bndbox>
	</object>
	<object>
		<name>crack</name>
		<pose>Unspecified</pose>
		<truncated>1</truncated>
		<difficult>0</difficult>
		<bndbox>
			<xmin>1108</xmin>
			<ymin>1</ymin>
			<xmax>1150</xmax>
			<ymax>59</ymax>
		</bndbox>
	</object>
	<object>
		<name>crack</name>
		<pose>Unspecified</pose>
		<truncated>0</truncated>
		<difficult>0</difficult>
		<bndbox>
			<xmin>1088</xmin>
			<ymin>53</ymin>
			<xmax>1142</xmax>
			<ymax>135</ymax>
		</bndbox>
	</object>
</annotation>
