<annotation>
	<folder>Examples cracks</folder>
	<filename>201506003_LIMI_002558.jpg</filename>
	<path>/Users/ducnguyen/Downloads/Examples cracks/201506003_LIMI_002558.jpg</path>
	<source>
		<database>Unknown</database>
	</source>
	<size>
		<width>2040</width>
		<height>1536</height>
		<depth>3</depth>
	</size>
	<segmented>0</segmented>
	<object>
		<name>crack</name>
		<pose>Unspecified</pose>
		<truncated>0</truncated>
		<difficult>0</difficult>
		<bndbox>
			<xmin>286</xmin>
			<ymin>453</ymin>
			<xmax>1462</xmax>
			<ymax>991</ymax>
		</bndbox>
	</object>
	<object>
		<name>crack</name>
		<pose>Unspecified</pose>
		<truncated>1</truncated>
		<difficult>0</difficult>
		<bndbox>
			<xmin>1888</xmin>
			<ymin>367</ymin>
			<xmax>2040</xmax>
			<ymax>429</ymax>
		</bndbox>
	</object>
	<object>
		<name>crack</name>
		<pose>Unspecified</pose>
		<truncated>0</truncated>
		<difficult>0</difficult>
		<bndbox>
			<xmin>1608</xmin>
			<ymin>415</ymin>
			<xmax>1672</xmax>
			<ymax>631</ymax>
		</bndbox>
	</object>
	<object>
		<name>crack</name>
		<pose>Unspecified</pose>
		<truncated>0</truncated>
		<difficult>0</difficult>
		<bndbox>
			<xmin>1464</xmin>
			<ymin>363</ymin>
			<xmax>1564</xmax>
			<ymax>417</ymax>
		</bndbox>
	</object>
</annotation>
