<annotation>
	<folder>Examples cracks</folder>
	<filename>201506009_LIMI_007972.jpg</filename>
	<path>/Users/ducnguyen/Downloads/Examples cracks/201506009_LIMI_007972.jpg</path>
	<source>
		<database>Unknown</database>
	</source>
	<size>
		<width>2040</width>
		<height>1536</height>
		<depth>1</depth>
	</size>
	<segmented>0</segmented>
	<object>
		<name>crack</name>
		<pose>Unspecified</pose>
		<truncated>0</truncated>
		<difficult>0</difficult>
		<bndbox>
			<xmin>160</xmin>
			<ymin>1283</ymin>
			<xmax>446</xmax>
			<ymax>1531</ymax>
		</bndbox>
	</object>
	<object>
		<name>crack</name>
		<pose>Unspecified</pose>
		<truncated>0</truncated>
		<difficult>0</difficult>
		<bndbox>
			<xmin>480</xmin>
			<ymin>229</ymin>
			<xmax>1632</xmax>
			<ymax>1407</ymax>
		</bndbox>
	</object>
</annotation>
