<annotation>
	<folder>Examples cracks</folder>
	<filename>201506006_LIMI_003041.jpg</filename>
	<path>/Users/ducnguyen/Downloads/Examples cracks/201506006_LIMI_003041.jpg</path>
	<source>
		<database>Unknown</database>
	</source>
	<size>
		<width>2040</width>
		<height>1536</height>
		<depth>1</depth>
	</size>
	<segmented>0</segmented>
	<object>
		<name>crack</name>
		<pose>Unspecified</pose>
		<truncated>0</truncated>
		<difficult>0</difficult>
		<bndbox>
			<xmin>854</xmin>
			<ymin>417</ymin>
			<xmax>1212</xmax>
			<ymax>787</ymax>
		</bndbox>
	</object>
	<object>
		<name>crack</name>
		<pose>Unspecified</pose>
		<truncated>0</truncated>
		<difficult>0</difficult>
		<bndbox>
			<xmin>656</xmin>
			<ymin>789</ymin>
			<xmax>922</xmax>
			<ymax>1179</ymax>
		</bndbox>
	</object>
	<object>
		<name>crack</name>
		<pose>Unspecified</pose>
		<truncated>0</truncated>
		<difficult>0</difficult>
		<bndbox>
			<xmin>792</xmin>
			<ymin>891</ymin>
			<xmax>968</xmax>
			<ymax>1397</ymax>
		</bndbox>
	</object>
	<object>
		<name>crack</name>
		<pose>Unspecified</pose>
		<truncated>0</truncated>
		<difficult>0</difficult>
		<bndbox>
			<xmin>1384</xmin>
			<ymin>521</ymin>
			<xmax>1444</xmax>
			<ymax>775</ymax>
		</bndbox>
	</object>
</annotation>
