<annotation>
	<folder>Examples cracks</folder>
	<filename>201510013_LIMI_006066.jpg</filename>
	<path>/Users/ducnguyen/Downloads/Examples cracks/201510013_LIMI_006066.jpg</path>
	<source>
		<database>Unknown</database>
	</source>
	<size>
		<width>2040</width>
		<height>1536</height>
		<depth>1</depth>
	</size>
	<segmented>0</segmented>
	<object>
		<name>crack</name>
		<pose>Unspecified</pose>
		<truncated>0</truncated>
		<difficult>0</difficult>
		<bndbox>
			<xmin>896</xmin>
			<ymin>303</ymin>
			<xmax>978</xmax>
			<ymax>643</ymax>
		</bndbox>
	</object>
	<object>
		<name>crack</name>
		<pose>Unspecified</pose>
		<truncated>0</truncated>
		<difficult>0</difficult>
		<bndbox>
			<xmin>1556</xmin>
			<ymin>357</ymin>
			<xmax>1662</xmax>
			<ymax>679</ymax>
		</bndbox>
	</object>
</annotation>
