<annotation>
	<folder>Examples cracks</folder>
	<filename>201507018_LIMI_008053.jpg</filename>
	<path>/Users/ducnguyen/Downloads/Examples cracks/201507018_LIMI_008053.jpg</path>
	<source>
		<database>Unknown</database>
	</source>
	<size>
		<width>2040</width>
		<height>1536</height>
		<depth>1</depth>
	</size>
	<segmented>0</segmented>
	<object>
		<name>crack</name>
		<pose>Unspecified</pose>
		<truncated>0</truncated>
		<difficult>0</difficult>
		<bndbox>
			<xmin>1114</xmin>
			<ymin>973</ymin>
			<xmax>1414</xmax>
			<ymax>1091</ymax>
		</bndbox>
	</object>
	<object>
		<name>crack</name>
		<pose>Unspecified</pose>
		<truncated>1</truncated>
		<difficult>0</difficult>
		<bndbox>
			<xmin>1420</xmin>
			<ymin>812</ymin>
			<xmax>2040</xmax>
			<ymax>1035</ymax>
		</bndbox>
	</object>
	<object>
		<name>crack</name>
		<pose>Unspecified</pose>
		<truncated>0</truncated>
		<difficult>0</difficult>
		<bndbox>
			<xmin>708</xmin>
			<ymin>1047</ymin>
			<xmax>1116</xmax>
			<ymax>1173</ymax>
		</bndbox>
	</object>
</annotation>
