<annotation>
	<folder>Examples cracks</folder>
	<filename>201609011_LIMI_006264.jpg</filename>
	<path>/media/alex/DATA/Daten/Downloads/allianz-damage-predict-and-prevent-challenge-data/Examples cracks/201609011_LIMI_006264.jpg</path>
	<source>
		<database>Unknown</database>
	</source>
	<size>
		<width>2040</width>
		<height>1536</height>
		<depth>1</depth>
	</size>
	<segmented>0</segmented>
	<object>
		<name>crack</name>
		<pose>Unspecified</pose>
		<truncated>0</truncated>
		<difficult>0</difficult>
		<bndbox>
			<xmin>1588</xmin>
			<ymin>717</ymin>
			<xmax>1762</xmax>
			<ymax>993</ymax>
		</bndbox>
	</object>
	<object>
		<name>crack</name>
		<pose>Unspecified</pose>
		<truncated>0</truncated>
		<difficult>0</difficult>
		<bndbox>
			<xmin>488</xmin>
			<ymin>382</ymin>
			<xmax>619</xmax>
			<ymax>548</ymax>
		</bndbox>
	</object>
</annotation>
