<annotation>
	<folder>Examples cracks</folder>
	<filename>201609002_LIMI_005052.jpg</filename>
	<path>/media/alex/DATA/Daten/Downloads/allianz-damage-predict-and-prevent-challenge-data/Examples cracks/201609002_LIMI_005052.jpg</path>
	<source>
		<database>Unknown</database>
	</source>
	<size>
		<width>2040</width>
		<height>1536</height>
		<depth>1</depth>
	</size>
	<segmented>0</segmented>
	<object>
		<name>crack</name>
		<pose>Unspecified</pose>
		<truncated>1</truncated>
		<difficult>0</difficult>
		<bndbox>
			<xmin>322</xmin>
			<ymin>1</ymin>
			<xmax>1020</xmax>
			<ymax>1308</ymax>
		</bndbox>
	</object>
</annotation>
