<annotation>
	<folder>Examples cracks</folder>
	<filename>201605009_LIMI_001791.jpg</filename>
	<path>/media/alex/DATA/Daten/Downloads/allianz-damage-predict-and-prevent-challenge-data/Examples cracks/201605009_LIMI_001791.jpg</path>
	<source>
		<database>Unknown</database>
	</source>
	<size>
		<width>2040</width>
		<height>1536</height>
		<depth>1</depth>
	</size>
	<segmented>0</segmented>
	<object>
		<name>crack</name>
		<pose>Unspecified</pose>
		<truncated>0</truncated>
		<difficult>0</difficult>
		<bndbox>
			<xmin>1568</xmin>
			<ymin>1060</ymin>
			<xmax>1984</xmax>
			<ymax>1171</ymax>
		</bndbox>
	</object>
	<object>
		<name>crack</name>
		<pose>Unspecified</pose>
		<truncated>0</truncated>
		<difficult>0</difficult>
		<bndbox>
			<xmin>97</xmin>
			<ymin>1068</ymin>
			<xmax>464</xmax>
			<ymax>1217</ymax>
		</bndbox>
	</object>
</annotation>
