<annotation>
	<folder>Examples cracks</folder>
	<filename>201607004_LIMI_006607.jpg</filename>
	<path>/media/alex/DATA/Daten/Downloads/allianz-damage-predict-and-prevent-challenge-data/Examples cracks/201607004_LIMI_006607.jpg</path>
	<source>
		<database>Unknown</database>
	</source>
	<size>
		<width>2580</width>
		<height>1944</height>
		<depth>1</depth>
	</size>
	<segmented>0</segmented>
	<object>
		<name>crack</name>
		<pose>Unspecified</pose>
		<truncated>0</truncated>
		<difficult>0</difficult>
		<bndbox>
			<xmin>223</xmin>
			<ymin>805</ymin>
			<xmax>1003</xmax>
			<ymax>1856</ymax>
		</bndbox>
	</object>
	<object>
		<name>crack</name>
		<pose>Unspecified</pose>
		<truncated>0</truncated>
		<difficult>0</difficult>
		<bndbox>
			<xmin>1112</xmin>
			<ymin>342</ymin>
			<xmax>2023</xmax>
			<ymax>768</ymax>
		</bndbox>
	</object>
	<object>
		<name>crack</name>
		<pose>Unspecified</pose>
		<truncated>0</truncated>
		<difficult>0</difficult>
		<bndbox>
			<xmin>1083</xmin>
			<ymin>5</ymin>
			<xmax>2166</xmax>
			<ymax>356</ymax>
		</bndbox>
	</object>
	<object>
		<name>crack</name>
		<pose>Unspecified</pose>
		<truncated>1</truncated>
		<difficult>0</difficult>
		<bndbox>
			<xmin>2195</xmin>
			<ymin>419</ymin>
			<xmax>2580</xmax>
			<ymax>612</ymax>
		</bndbox>
	</object>
</annotation>
