<annotation>
	<folder>Examples cracks</folder>
	<filename>201606023_LIMI_002542.jpg</filename>
	<path>/media/alex/DATA/Daten/Downloads/allianz-damage-predict-and-prevent-challenge-data/Examples cracks/201606023_LIMI_002542.jpg</path>
	<source>
		<database>Unknown</database>
	</source>
	<size>
		<width>2040</width>
		<height>1536</height>
		<depth>1</depth>
	</size>
	<segmented>0</segmented>
	<object>
		<name>crack</name>
		<pose>Unspecified</pose>
		<truncated>1</truncated>
		<difficult>0</difficult>
		<bndbox>
			<xmin>128</xmin>
			<ymin>528</ymin>
			<xmax>2040</xmax>
			<ymax>1173</ymax>
		</bndbox>
	</object>
</annotation>
