<annotation>
	<folder>Examples cracks</folder>
	<filename>201608016_LIMI_004118.jpg</filename>
	<path>/media/alex/DATA/Daten/Downloads/allianz-damage-predict-and-prevent-challenge-data/Examples cracks/201608016_LIMI_004118.jpg</path>
	<source>
		<database>Unknown</database>
	</source>
	<size>
		<width>2040</width>
		<height>1536</height>
		<depth>3</depth>
	</size>
	<segmented>0</segmented>
	<object>
		<name>crack</name>
		<pose>Unspecified</pose>
		<truncated>0</truncated>
		<difficult>0</difficult>
		<bndbox>
			<xmin>706</xmin>
			<ymin>822</ymin>
			<xmax>1315</xmax>
			<ymax>1111</ymax>
		</bndbox>
	</object>
</annotation>
