<annotation>
	<folder>Examples cracks</folder>
	<filename>201604017_LIMI_001311.jpg</filename>
	<path>/media/alex/DATA/Daten/Downloads/allianz-damage-predict-and-prevent-challenge-data/Examples cracks/201604017_LIMI_001311.jpg</path>
	<source>
		<database>Unknown</database>
	</source>
	<size>
		<width>2040</width>
		<height>1536</height>
		<depth>1</depth>
	</size>
	<segmented>0</segmented>
	<object>
		<name>crack</name>
		<pose>Unspecified</pose>
		<truncated>0</truncated>
		<difficult>0</difficult>
		<bndbox>
			<xmin>126</xmin>
			<ymin>68</ymin>
			<xmax>517</xmax>
			<ymax>1004</ymax>
		</bndbox>
	</object>
	<object>
		<name>crack</name>
		<pose>Unspecified</pose>
		<truncated>0</truncated>
		<difficult>0</difficult>
		<bndbox>
			<xmin>1613</xmin>
			<ymin>571</ymin>
			<xmax>1813</xmax>
			<ymax>1168</ymax>
		</bndbox>
	</object>
</annotation>
