<annotation>
	<folder>Examples cracks</folder>
	<filename>201609002_LIMI_005047.jpg</filename>
	<path>/media/alex/DATA/Daten/Downloads/allianz-damage-predict-and-prevent-challenge-data/Examples cracks/201609002_LIMI_005047.jpg</path>
	<source>
		<database>Unknown</database>
	</source>
	<size>
		<width>2040</width>
		<height>1536</height>
		<depth>1</depth>
	</size>
	<segmented>0</segmented>
	<object>
		<name>crack</name>
		<pose>Unspecified</pose>
		<truncated>0</truncated>
		<difficult>0</difficult>
		<bndbox>
			<xmin>244</xmin>
			<ymin>120</ymin>
			<xmax>459</xmax>
			<ymax>1111</ymax>
		</bndbox>
	</object>
	<object>
		<name>crack</name>
		<pose>Unspecified</pose>
		<truncated>0</truncated>
		<difficult>0</difficult>
		<bndbox>
			<xmin>877</xmin>
			<ymin>75</ymin>
			<xmax>1311</xmax>
			<ymax>1520</ymax>
		</bndbox>
	</object>
	<object>
		<name>crack</name>
		<pose>Unspecified</pose>
		<truncated>0</truncated>
		<difficult>0</difficult>
		<bndbox>
			<xmin>1309</xmin>
			<ymin>86</ymin>
			<xmax>1595</xmax>
			<ymax>1531</ymax>
		</bndbox>
	</object>
</annotation>
