<annotation>
	<folder>Examples cracks</folder>
	<filename>201609002_LIMI_005053.jpg</filename>
	<path>/media/alex/DATA/Daten/Downloads/allianz-damage-predict-and-prevent-challenge-data/Examples cracks/201609002_LIMI_005053.jpg</path>
	<source>
		<database>Unknown</database>
	</source>
	<size>
		<width>2040</width>
		<height>1536</height>
		<depth>1</depth>
	</size>
	<segmented>0</segmented>
	<object>
		<name>crack</name>
		<pose>Unspecified</pose>
		<truncated>0</truncated>
		<difficult>0</difficult>
		<bndbox>
			<xmin>188</xmin>
			<ymin>155</ymin>
			<xmax>404</xmax>
			<ymax>1182</ymax>
		</bndbox>
	</object>
	<object>
		<name>crack</name>
		<pose>Unspecified</pose>
		<truncated>1</truncated>
		<difficult>0</difficult>
		<bndbox>
			<xmin>1284</xmin>
			<ymin>124</ymin>
			<xmax>1570</xmax>
			<ymax>1536</ymax>
		</bndbox>
	</object>
	<object>
		<name>crack</name>
		<pose>Unspecified</pose>
		<truncated>0</truncated>
		<difficult>0</difficult>
		<bndbox>
			<xmin>855</xmin>
			<ymin>122</ymin>
			<xmax>1273</xmax>
			<ymax>1524</ymax>
		</bndbox>
	</object>
</annotation>
