<annotation>
	<folder>Examples cracks</folder>
	<filename>201607004_LIMI_006605.jpg</filename>
	<path>/media/alex/DATA/Daten/Downloads/allianz-damage-predict-and-prevent-challenge-data/Examples cracks/201607004_LIMI_006605.jpg</path>
	<source>
		<database>Unknown</database>
	</source>
	<size>
		<width>2580</width>
		<height>1944</height>
		<depth>1</depth>
	</size>
	<segmented>0</segmented>
	<object>
		<name>crack</name>
		<pose>Unspecified</pose>
		<truncated>0</truncated>
		<difficult>0</difficult>
		<bndbox>
			<xmin>826</xmin>
			<ymin>156</ymin>
			<xmax>1695</xmax>
			<ymax>559</ymax>
		</bndbox>
	</object>
	<object>
		<name>crack</name>
		<pose>Unspecified</pose>
		<truncated>0</truncated>
		<difficult>0</difficult>
		<bndbox>
			<xmin>472</xmin>
			<ymin>1102</ymin>
			<xmax>938</xmax>
			<ymax>1450</ymax>
		</bndbox>
	</object>
	<object>
		<name>crack</name>
		<pose>Unspecified</pose>
		<truncated>0</truncated>
		<difficult>0</difficult>
		<bndbox>
			<xmin>1335</xmin>
			<ymin>1376</ymin>
			<xmax>1549</xmax>
			<ymax>1739</ymax>
		</bndbox>
	</object>
	<object>
		<name>crack</name>
		<pose>Unspecified</pose>
		<truncated>1</truncated>
		<difficult>0</difficult>
		<bndbox>
			<xmin>1918</xmin>
			<ymin>222</ymin>
			<xmax>2189</xmax>
			<ymax>1944</ymax>
		</bndbox>
	</object>
	<object>
		<name>crack</name>
		<pose>Unspecified</pose>
		<truncated>0</truncated>
		<difficult>0</difficult>
		<bndbox>
			<xmin>1612</xmin>
			<ymin>1599</ymin>
			<xmax>1966</xmax>
			<ymax>1736</ymax>
		</bndbox>
	</object>
	<object>
		<name>crack</name>
		<pose>Unspecified</pose>
		<truncated>0</truncated>
		<difficult>0</difficult>
		<bndbox>
			<xmin>1072</xmin>
			<ymin>588</ymin>
			<xmax>1272</xmax>
			<ymax>1013</ymax>
		</bndbox>
	</object>
	<object>
		<name>crack</name>
		<pose>Unspecified</pose>
		<truncated>0</truncated>
		<difficult>0</difficult>
		<bndbox>
			<xmin>1321</xmin>
			<ymin>810</ymin>
			<xmax>1689</xmax>
			<ymax>870</ymax>
		</bndbox>
	</object>
	<object>
		<name>crack</name>
		<pose>Unspecified</pose>
		<truncated>0</truncated>
		<difficult>0</difficult>
		<bndbox>
			<xmin>1358</xmin>
			<ymin>605</ymin>
			<xmax>1746</xmax>
			<ymax>1359</ymax>
		</bndbox>
	</object>
	<object>
		<name>crack</name>
		<pose>Unspecified</pose>
		<truncated>0</truncated>
		<difficult>0</difficult>
		<bndbox>
			<xmin>803</xmin>
			<ymin>582</ymin>
			<xmax>1023</xmax>
			<ymax>1074</ymax>
		</bndbox>
	</object>
	<object>
		<name>crack</name>
		<pose>Unspecified</pose>
		<truncated>0</truncated>
		<difficult>0</difficult>
		<bndbox>
			<xmin>1726</xmin>
			<ymin>79</ymin>
			<xmax>1895</xmax>
			<ymax>408</ymax>
		</bndbox>
	</object>
	<object>
		<name>crack</name>
		<pose>Unspecified</pose>
		<truncated>1</truncated>
		<difficult>0</difficult>
		<bndbox>
			<xmin>1138</xmin>
			<ymin>1796</ymin>
			<xmax>1552</xmax>
			<ymax>1944</ymax>
		</bndbox>
	</object>
</annotation>
